notice_id,user_id,viewed,viewed_at,acknowledged,acknowledged_at,bookmarked,qr_scanned
1,39,TRUE,2026-09-14 08:00,FALSE,,FALSE,FALSE
1,23,TRUE,2026-09-12 10:00,TRUE,2026-09-12 10:23,TRUE,FALSE
1,25,TRUE,2026-09-04 09:00,FALSE,,FALSE,FALSE
1,11,TRUE,2026-09-02 17:00,FALSE,,FALSE,FALSE
1,10,TRUE,2026-09-03 17:00,FALSE,,FALSE,FALSE
1,52,TRUE,2026-09-03 08:00,TRUE,2026-09-03 09:08,FALSE,TRUE
1,47,TRUE,2026-09-14 12:00,TRUE,2026-09-14 12:32,TRUE,FALSE
1,53,TRUE,2026-09-09 11:00,FALSE,,TRUE,FALSE
1,24,TRUE,2026-09-09 09:00,TRUE,2026-09-09 10:53,TRUE,FALSE
1,33,TRUE,2026-09-10 16:00,FALSE,,FALSE,FALSE
1,43,TRUE,2026-09-13 18:00,FALSE,,FALSE,FALSE
1,32,TRUE,2026-09-14 10:00,FALSE,,FALSE,FALSE
1,15,TRUE,2026-09-09 16:00,FALSE,,TRUE,FALSE
1,45,TRUE,2026-09-13 15:00,TRUE,2026-09-13 16:43,FALSE,FALSE
1,27,TRUE,2026-09-07 18:00,FALSE,,FALSE,FALSE
1,41,TRUE,2026-09-15 16:00,TRUE,2026-09-15 16:28,FALSE,FALSE
1,7,TRUE,2026-09-15 08:00,TRUE,2026-09-15 09:11,FALSE,FALSE
1,40,TRUE,2026-09-13 11:00,FALSE,,TRUE,TRUE
1,44,TRUE,2026-09-06 11:00,TRUE,2026-09-06 12:15,FALSE,FALSE
1,13,TRUE,2026-09-03 16:00,TRUE,2026-09-03 17:20,TRUE,FALSE
5,41,FALSE,,FALSE,,FALSE,FALSE
5,7,TRUE,2026-09-05 13:00,TRUE,2026-09-05 13:45,TRUE,FALSE
5,6,TRUE,2026-09-07 14:00,FALSE,,FALSE,FALSE
5,10,TRUE,2026-09-09 09:00,FALSE,,FALSE,FALSE
5,53,TRUE,2026-09-08 17:00,TRUE,2026-09-08 18:55,TRUE,TRUE
5,46,TRUE,2026-09-13 13:00,FALSE,,FALSE,TRUE
5,54,TRUE,2026-09-16 12:00,TRUE,2026-09-16 12:16,TRUE,FALSE
5,21,TRUE,2026-09-05 17:00,TRUE,2026-09-05 17:11,FALSE,FALSE
5,49,TRUE,2026-09-12 15:00,FALSE,,FALSE,FALSE
5,18,TRUE,2026-09-06 13:00,TRUE,2026-09-06 13:51,FALSE,FALSE
5,48,TRUE,2026-09-07 16:00,FALSE,,FALSE,FALSE
5,31,TRUE,2026-09-15 17:00,TRUE,2026-09-15 17:20,FALSE,FALSE
5,52,TRUE,2026-09-07 16:00,TRUE,2026-09-07 17:41,FALSE,FALSE
5,36,TRUE,2026-09-02 08:00,FALSE,,FALSE,TRUE
5,39,TRUE,2026-09-04 17:00,TRUE,2026-09-04 17:22,FALSE,FALSE
5,23,TRUE,2026-09-11 12:00,TRUE,2026-09-11 13:09,TRUE,FALSE
5,24,TRUE,2026-09-06 15:00,TRUE,2026-09-06 15:52,FALSE,FALSE
5,35,TRUE,2026-09-06 18:00,FALSE,,FALSE,TRUE
5,20,TRUE,2026-09-14 17:00,TRUE,2026-09-14 18:37,FALSE,FALSE
5,30,TRUE,2026-09-13 17:00,TRUE,2026-09-13 17:53,FALSE,FALSE
5,37,FALSE,,FALSE,,TRUE,FALSE
5,26,FALSE,,FALSE,,FALSE,FALSE
5,17,TRUE,2026-09-08 16:00,TRUE,2026-09-08 17:05,TRUE,FALSE
5,14,FALSE,,FALSE,,FALSE,FALSE
5,19,TRUE,2026-09-12 15:00,TRUE,2026-09-12 15:45,TRUE,FALSE
7,39,TRUE,2026-09-03 17:00,TRUE,2026-09-03 17:53,TRUE,FALSE
7,27,TRUE,2026-09-14 10:00,FALSE,,FALSE,FALSE
7,48,TRUE,2026-09-09 18:00,FALSE,,FALSE,FALSE
7,51,TRUE,2026-09-16 16:00,TRUE,2026-09-16 16:22,FALSE,FALSE
7,52,TRUE,2026-09-02 18:00,TRUE,2026-09-02 18:33,FALSE,FALSE
7,46,TRUE,2026-09-13 15:00,FALSE,,FALSE,FALSE
7,21,TRUE,2026-09-16 10:00,TRUE,2026-09-16 11:57,TRUE,FALSE
7,44,TRUE,2026-09-06 13:00,FALSE,,FALSE,TRUE
7,35,TRUE,2026-09-05 16:00,TRUE,2026-09-05 17:53,TRUE,TRUE
7,17,TRUE,2026-09-16 10:00,TRUE,2026-09-16 10:09,TRUE,FALSE
7,20,TRUE,2026-09-16 12:00,TRUE,2026-09-16 12:06,FALSE,FALSE
7,22,TRUE,2026-09-07 12:00,TRUE,2026-09-07 13:27,FALSE,FALSE
7,40,TRUE,2026-09-15 16:00,TRUE,2026-09-15 16:29,TRUE,FALSE
7,24,TRUE,2026-09-12 12:00,TRUE,2026-09-12 12:06,FALSE,TRUE
7,19,TRUE,2026-09-14 11:00,FALSE,,TRUE,TRUE
7,41,TRUE,2026-09-10 13:00,FALSE,,FALSE,FALSE
7,23,TRUE,2026-09-07 11:00,FALSE,,FALSE,FALSE
7,18,TRUE,2026-09-07 12:00,TRUE,2026-09-07 13:18,FALSE,FALSE
7,36,TRUE,2026-09-02 18:00,FALSE,,FALSE,FALSE
7,15,TRUE,2026-09-16 12:00,TRUE,2026-09-16 13:26,TRUE,FALSE
7,47,TRUE,2026-09-05 10:00,TRUE,2026-09-05 11:03,FALSE,FALSE
7,16,TRUE,2026-09-10 15:00,TRUE,2026-09-10 16:47,FALSE,FALSE
7,43,TRUE,2026-09-14 17:00,TRUE,2026-09-14 17:15,FALSE,FALSE
7,30,TRUE,2026-09-16 17:00,FALSE,,TRUE,TRUE
7,28,TRUE,2026-09-10 10:00,FALSE,,TRUE,FALSE
9,50,FALSE,,FALSE,,FALSE,FALSE
9,42,TRUE,2026-09-13 09:00,TRUE,2026-09-13 09:12,TRUE,FALSE
9,36,TRUE,2026-09-02 12:00,TRUE,2026-09-02 13:43,FALSE,FALSE
9,10,TRUE,2026-09-08 13:00,TRUE,2026-09-08 13:53,FALSE,TRUE
9,37,TRUE,2026-09-03 18:00,TRUE,2026-09-03 19:56,FALSE,FALSE
9,33,TRUE,2026-09-04 16:00,TRUE,2026-09-04 16:21,FALSE,FALSE
9,8,FALSE,,FALSE,,FALSE,FALSE
9,34,TRUE,2026-09-10 14:00,TRUE,2026-09-10 15:50,FALSE,FALSE
9,13,TRUE,2026-09-05 09:00,FALSE,,FALSE,FALSE
9,54,TRUE,2026-09-16 08:00,FALSE,,FALSE,FALSE
9,31,TRUE,2026-09-12 08:00,FALSE,,FALSE,FALSE
9,47,TRUE,2026-09-14 08:00,FALSE,,TRUE,FALSE
9,41,TRUE,2026-09-11 13:00,TRUE,2026-09-11 14:43,FALSE,FALSE
9,48,TRUE,2026-09-04 18:00,TRUE,2026-09-04 18:57,FALSE,FALSE
9,40,TRUE,2026-09-16 10:00,TRUE,2026-09-16 10:59,FALSE,FALSE
9,43,TRUE,2026-09-12 18:00,TRUE,2026-09-12 19:12,FALSE,FALSE
9,24,TRUE,2026-09-08 10:00,TRUE,2026-09-08 11:05,FALSE,FALSE
9,6,TRUE,2026-09-04 15:00,TRUE,2026-09-04 16:16,FALSE,FALSE
9,30,TRUE,2026-09-08 11:00,FALSE,,FALSE,FALSE
9,46,TRUE,2026-09-07 09:00,TRUE,2026-09-07 10:51,FALSE,FALSE
9,44,TRUE,2026-09-11 08:00,TRUE,2026-09-11 08:29,TRUE,FALSE
10,35,TRUE,2026-09-06 13:00,FALSE,,FALSE,FALSE
10,18,FALSE,,FALSE,,TRUE,FALSE
10,26,TRUE,2026-09-16 11:00,FALSE,,FALSE,FALSE
10,24,TRUE,2026-09-05 10:00,FALSE,,FALSE,FALSE
10,5,TRUE,2026-09-13 14:00,FALSE,,FALSE,FALSE
10,53,TRUE,2026-09-11 11:00,FALSE,,FALSE,FALSE
10,17,TRUE,2026-09-06 15:00,FALSE,,TRUE,FALSE
10,12,TRUE,2026-09-04 13:00,FALSE,,FALSE,FALSE
10,54,TRUE,2026-09-16 16:00,FALSE,,TRUE,TRUE
10,20,TRUE,2026-09-15 09:00,FALSE,,TRUE,FALSE
10,43,TRUE,2026-09-08 10:00,FALSE,,TRUE,FALSE
10,49,TRUE,2026-09-02 11:00,FALSE,,FALSE,FALSE
10,30,TRUE,2026-09-12 17:00,FALSE,,TRUE,FALSE
10,45,FALSE,,FALSE,,FALSE,FALSE
10,40,FALSE,,FALSE,,FALSE,FALSE
10,25,TRUE,2026-09-10 18:00,FALSE,,FALSE,TRUE
10,23,TRUE,2026-09-16 09:00,FALSE,,FALSE,FALSE
10,29,TRUE,2026-09-06 13:00,FALSE,,FALSE,FALSE
10,34,TRUE,2026-09-08 15:00,FALSE,,FALSE,TRUE
10,22,TRUE,2026-09-12 09:00,FALSE,,FALSE,TRUE
10,39,TRUE,2026-09-03 14:00,FALSE,,FALSE,FALSE
13,45,TRUE,2026-09-16 09:00,TRUE,2026-09-16 09:40,TRUE,FALSE
13,5,FALSE,,FALSE,,TRUE,FALSE
13,49,TRUE,2026-09-11 10:00,TRUE,2026-09-11 11:36,TRUE,TRUE
13,15,TRUE,2026-09-11 11:00,TRUE,2026-09-11 12:53,FALSE,TRUE
13,10,TRUE,2026-09-14 10:00,TRUE,2026-09-14 11:33,FALSE,FALSE
13,36,TRUE,2026-09-02 09:00,TRUE,2026-09-02 10:52,FALSE,FALSE
13,32,TRUE,2026-09-11 14:00,TRUE,2026-09-11 14:46,FALSE,FALSE
13,46,TRUE,2026-09-09 11:00,TRUE,2026-09-09 11:53,FALSE,FALSE
13,26,TRUE,2026-09-03 17:00,FALSE,,FALSE,FALSE
13,41,TRUE,2026-09-08 18:00,FALSE,,FALSE,FALSE
13,11,FALSE,,FALSE,,TRUE,FALSE
13,38,TRUE,2026-09-03 10:00,FALSE,,FALSE,FALSE
13,7,TRUE,2026-09-03 08:00,FALSE,,FALSE,FALSE
13,19,TRUE,2026-09-15 14:00,FALSE,,FALSE,TRUE
13,18,TRUE,2026-09-10 11:00,TRUE,2026-09-10 11:26,FALSE,FALSE
13,35,TRUE,2026-09-06 15:00,FALSE,,FALSE,FALSE
15,35,TRUE,2026-09-11 10:00,FALSE,,FALSE,FALSE
15,9,TRUE,2026-09-04 14:00,TRUE,2026-09-04 14:42,FALSE,FALSE
15,28,TRUE,2026-09-14 11:00,FALSE,,FALSE,TRUE
15,21,TRUE,2026-09-16 17:00,FALSE,,TRUE,FALSE
15,20,TRUE,2026-09-02 15:00,TRUE,2026-09-02 15:31,FALSE,FALSE
15,45,TRUE,2026-09-15 14:00,TRUE,2026-09-15 14:22,FALSE,FALSE
15,36,TRUE,2026-09-13 14:00,TRUE,2026-09-13 14:14,FALSE,FALSE
15,43,TRUE,2026-09-10 16:00,TRUE,2026-09-10 17:56,FALSE,FALSE
15,44,TRUE,2026-09-07 16:00,TRUE,2026-09-07 16:15,FALSE,FALSE
15,17,TRUE,2026-09-04 18:00,TRUE,2026-09-04 19:17,TRUE,FALSE
15,34,TRUE,2026-09-14 13:00,TRUE,2026-09-14 14:00,FALSE,FALSE
15,11,TRUE,2026-09-13 16:00,TRUE,2026-09-13 17:33,FALSE,FALSE
15,13,TRUE,2026-09-14 18:00,TRUE,2026-09-14 19:09,FALSE,TRUE
15,24,TRUE,2026-09-06 14:00,TRUE,2026-09-06 14:15,FALSE,TRUE
15,5,TRUE,2026-09-06 13:00,TRUE,2026-09-06 13:31,FALSE,FALSE
15,30,FALSE,,FALSE,,FALSE,FALSE
15,26,FALSE,,FALSE,,FALSE,FALSE
15,29,FALSE,,FALSE,,FALSE,FALSE
15,38,TRUE,2026-09-16 11:00,TRUE,2026-09-16 12:15,FALSE,FALSE
15,19,TRUE,2026-09-05 14:00,TRUE,2026-09-05 14:28,FALSE,FALSE
15,15,FALSE,,FALSE,,FALSE,FALSE
15,18,TRUE,2026-09-08 08:00,TRUE,2026-09-08 08:31,FALSE,FALSE
15,31,TRUE,2026-09-11 09:00,TRUE,2026-09-11 10:13,FALSE,FALSE
15,32,TRUE,2026-09-06 18:00,TRUE,2026-09-06 19:12,TRUE,FALSE
16,44,TRUE,2026-09-08 14:00,FALSE,,FALSE,FALSE
16,30,TRUE,2026-09-04 16:00,FALSE,,FALSE,FALSE
16,42,TRUE,2026-09-11 08:00,TRUE,2026-09-11 08:06,FALSE,FALSE
16,12,TRUE,2026-09-10 16:00,TRUE,2026-09-10 16:57,FALSE,FALSE
16,27,TRUE,2026-09-09 10:00,FALSE,,FALSE,TRUE
16,50,TRUE,2026-09-06 11:00,TRUE,2026-09-06 11:26,FALSE,FALSE
16,34,TRUE,2026-09-09 16:00,TRUE,2026-09-09 17:18,FALSE,TRUE
16,54,TRUE,2026-09-07 16:00,TRUE,2026-09-07 16:10,FALSE,FALSE
16,16,TRUE,2026-09-08 09:00,TRUE,2026-09-08 10:28,FALSE,FALSE
16,24,TRUE,2026-09-09 12:00,FALSE,,TRUE,FALSE
16,47,TRUE,2026-09-14 11:00,FALSE,,FALSE,FALSE
16,52,TRUE,2026-09-11 18:00,TRUE,2026-09-11 19:23,FALSE,FALSE
16,10,TRUE,2026-09-02 17:00,TRUE,2026-09-02 17:40,FALSE,FALSE
16,13,TRUE,2026-09-06 12:00,TRUE,2026-09-06 13:54,FALSE,TRUE
16,25,TRUE,2026-09-04 14:00,TRUE,2026-09-04 14:40,TRUE,FALSE
16,51,TRUE,2026-09-05 10:00,TRUE,2026-09-05 11:51,FALSE,TRUE
16,20,TRUE,2026-09-04 17:00,TRUE,2026-09-04 18:25,FALSE,FALSE
16,45,TRUE,2026-09-16 09:00,TRUE,2026-09-16 10:40,FALSE,TRUE
16,39,TRUE,2026-09-09 13:00,TRUE,2026-09-09 14:56,FALSE,FALSE
16,43,TRUE,2026-09-09 18:00,TRUE,2026-09-09 18:50,TRUE,TRUE
16,46,TRUE,2026-09-08 11:00,TRUE,2026-09-08 11:46,TRUE,FALSE
16,49,TRUE,2026-09-11 15:00,TRUE,2026-09-11 16:59,FALSE,FALSE
16,9,FALSE,,FALSE,,FALSE,FALSE
16,21,TRUE,2026-09-15 10:00,TRUE,2026-09-15 10:05,TRUE,FALSE
16,17,TRUE,2026-09-16 10:00,TRUE,2026-09-16 10:43,FALSE,TRUE
16,18,TRUE,2026-09-12 13:00,FALSE,,FALSE,TRUE
16,37,TRUE,2026-09-08 18:00,FALSE,,FALSE,FALSE
17,50,TRUE,2026-09-05 14:00,FALSE,,TRUE,FALSE
17,11,TRUE,2026-09-06 10:00,TRUE,2026-09-06 11:49,FALSE,FALSE
17,5,TRUE,2026-09-04 09:00,TRUE,2026-09-04 09:06,FALSE,FALSE
17,18,TRUE,2026-09-05 18:00,TRUE,2026-09-05 18:57,FALSE,FALSE
17,35,TRUE,2026-09-16 09:00,FALSE,,FALSE,FALSE
17,9,TRUE,2026-09-08 13:00,TRUE,2026-09-08 13:36,FALSE,FALSE
17,13,TRUE,2026-09-11 17:00,FALSE,,TRUE,FALSE
17,42,TRUE,2026-09-16 12:00,FALSE,,FALSE,FALSE
17,19,TRUE,2026-09-12 08:00,TRUE,2026-09-12 09:46,TRUE,FALSE
17,38,TRUE,2026-09-09 18:00,TRUE,2026-09-09 19:12,TRUE,FALSE
17,33,TRUE,2026-09-07 10:00,TRUE,2026-09-07 11:52,FALSE,FALSE
17,52,TRUE,2026-09-14 15:00,TRUE,2026-09-14 16:43,FALSE,FALSE
17,43,FALSE,,FALSE,,FALSE,TRUE
17,26,TRUE,2026-09-08 16:00,FALSE,,FALSE,TRUE
17,12,TRUE,2026-09-08 09:00,TRUE,2026-09-08 10:13,FALSE,FALSE
17,32,TRUE,2026-09-10 11:00,TRUE,2026-09-10 11:24,FALSE,FALSE
17,48,TRUE,2026-09-15 18:00,TRUE,2026-09-15 18:13,FALSE,FALSE
19,8,TRUE,2026-09-15 12:00,FALSE,,FALSE,FALSE
19,20,TRUE,2026-09-07 14:00,FALSE,,FALSE,FALSE
19,10,TRUE,2026-09-11 18:00,FALSE,,FALSE,FALSE
19,32,TRUE,2026-09-09 17:00,FALSE,,FALSE,FALSE
19,12,TRUE,2026-09-16 17:00,FALSE,,FALSE,FALSE
19,34,TRUE,2026-09-02 08:00,FALSE,,TRUE,FALSE
19,44,FALSE,,FALSE,,FALSE,TRUE
19,43,TRUE,2026-09-15 08:00,FALSE,,FALSE,TRUE
19,54,TRUE,2026-09-08 11:00,FALSE,,FALSE,FALSE
19,24,TRUE,2026-09-06 09:00,FALSE,,FALSE,FALSE
19,16,TRUE,2026-09-02 10:00,FALSE,,FALSE,FALSE
19,50,FALSE,,FALSE,,FALSE,TRUE
19,5,TRUE,2026-09-14 12:00,FALSE,,FALSE,FALSE
19,13,FALSE,,FALSE,,FALSE,FALSE
19,42,TRUE,2026-09-11 11:00,FALSE,,FALSE,FALSE
19,15,TRUE,2026-09-14 11:00,FALSE,,FALSE,FALSE
19,36,TRUE,2026-09-04 08:00,FALSE,,TRUE,FALSE
19,27,TRUE,2026-09-12 08:00,FALSE,,TRUE,FALSE
19,21,TRUE,2026-09-15 12:00,FALSE,,FALSE,FALSE
19,52,TRUE,2026-09-09 08:00,FALSE,,TRUE,FALSE
19,48,TRUE,2026-09-02 11:00,FALSE,,TRUE,FALSE
19,9,TRUE,2026-09-07 15:00,FALSE,,TRUE,FALSE
20,37,TRUE,2026-09-03 11:00,FALSE,,FALSE,TRUE
20,13,TRUE,2026-09-03 10:00,FALSE,,FALSE,FALSE
20,45,TRUE,2026-09-07 11:00,FALSE,,FALSE,FALSE
20,30,TRUE,2026-09-03 10:00,FALSE,,TRUE,FALSE
20,9,TRUE,2026-09-11 08:00,FALSE,,FALSE,TRUE
20,42,TRUE,2026-09-13 11:00,FALSE,,TRUE,FALSE
20,41,FALSE,,FALSE,,FALSE,TRUE
20,8,TRUE,2026-09-08 15:00,FALSE,,FALSE,FALSE
20,32,FALSE,,FALSE,,FALSE,TRUE
20,53,TRUE,2026-09-02 11:00,FALSE,,FALSE,TRUE
20,20,TRUE,2026-09-12 18:00,FALSE,,FALSE,FALSE
20,23,TRUE,2026-09-03 08:00,FALSE,,TRUE,FALSE
20,21,TRUE,2026-09-14 10:00,FALSE,,FALSE,TRUE
20,25,TRUE,2026-09-03 08:00,FALSE,,TRUE,FALSE
20,51,TRUE,2026-09-08 14:00,FALSE,,FALSE,FALSE
20,48,TRUE,2026-09-07 11:00,FALSE,,TRUE,FALSE
20,39,TRUE,2026-09-04 08:00,FALSE,,FALSE,FALSE
20,33,TRUE,2026-09-09 14:00,FALSE,,TRUE,FALSE
22,22,TRUE,2026-09-10 13:00,TRUE,2026-09-10 13:28,FALSE,FALSE
22,29,FALSE,,FALSE,,TRUE,FALSE
22,13,TRUE,2026-09-09 16:00,TRUE,2026-09-09 17:19,TRUE,TRUE
22,31,TRUE,2026-09-12 11:00,FALSE,,TRUE,TRUE
22,17,FALSE,,FALSE,,TRUE,FALSE
22,46,TRUE,2026-09-14 14:00,TRUE,2026-09-14 15:52,TRUE,FALSE
22,38,TRUE,2026-09-07 13:00,TRUE,2026-09-07 13:08,FALSE,FALSE
22,20,TRUE,2026-09-04 17:00,TRUE,2026-09-04 18:52,TRUE,TRUE
22,45,TRUE,2026-09-06 10:00,TRUE,2026-09-06 10:16,FALSE,FALSE
22,39,FALSE,,FALSE,,FALSE,FALSE
22,6,TRUE,2026-09-14 10:00,FALSE,,FALSE,TRUE
22,53,TRUE,2026-09-02 08:00,FALSE,,FALSE,FALSE
22,27,TRUE,2026-09-10 13:00,TRUE,2026-09-10 13:52,FALSE,FALSE
22,35,TRUE,2026-09-07 12:00,FALSE,,TRUE,FALSE
22,49,TRUE,2026-09-12 15:00,TRUE,2026-09-12 15:27,FALSE,FALSE
22,36,TRUE,2026-09-11 13:00,FALSE,,FALSE,FALSE
22,42,TRUE,2026-09-13 12:00,FALSE,,FALSE,TRUE
23,54,TRUE,2026-09-09 08:00,FALSE,,FALSE,FALSE
23,41,TRUE,2026-09-03 08:00,FALSE,,FALSE,FALSE
23,7,TRUE,2026-09-08 15:00,TRUE,2026-09-08 15:49,FALSE,FALSE
23,16,TRUE,2026-09-15 17:00,TRUE,2026-09-15 18:32,FALSE,FALSE
23,43,TRUE,2026-09-02 12:00,FALSE,,FALSE,FALSE
23,25,TRUE,2026-09-16 14:00,FALSE,,FALSE,TRUE
23,44,TRUE,2026-09-07 17:00,TRUE,2026-09-07 18:59,FALSE,FALSE
23,19,TRUE,2026-09-04 17:00,TRUE,2026-09-04 17:25,FALSE,FALSE
23,45,TRUE,2026-09-08 16:00,TRUE,2026-09-08 17:38,FALSE,FALSE
23,53,TRUE,2026-09-03 08:00,TRUE,2026-09-03 09:15,TRUE,FALSE
23,11,TRUE,2026-09-08 09:00,FALSE,,FALSE,FALSE
23,36,TRUE,2026-09-02 11:00,FALSE,,FALSE,FALSE
23,14,TRUE,2026-09-06 14:00,TRUE,2026-09-06 15:59,FALSE,FALSE
23,26,TRUE,2026-09-04 13:00,TRUE,2026-09-04 13:52,FALSE,FALSE
23,9,TRUE,2026-09-06 11:00,TRUE,2026-09-06 12:17,FALSE,TRUE
23,20,TRUE,2026-09-03 18:00,FALSE,,FALSE,TRUE
23,27,TRUE,2026-09-10 08:00,TRUE,2026-09-10 09:49,FALSE,TRUE
23,49,TRUE,2026-09-16 15:00,TRUE,2026-09-16 15:35,FALSE,FALSE
23,15,TRUE,2026-09-13 08:00,TRUE,2026-09-13 10:00,FALSE,FALSE
23,37,TRUE,2026-09-04 09:00,TRUE,2026-09-04 10:02,FALSE,TRUE
23,33,TRUE,2026-09-14 11:00,FALSE,,FALSE,TRUE
23,52,TRUE,2026-09-15 18:00,FALSE,,FALSE,FALSE
23,31,TRUE,2026-09-14 09:00,FALSE,,FALSE,FALSE
23,38,TRUE,2026-09-10 15:00,TRUE,2026-09-10 15:06,FALSE,FALSE
23,46,TRUE,2026-09-08 09:00,TRUE,2026-09-08 09:23,FALSE,FALSE
23,35,TRUE,2026-09-03 09:00,TRUE,2026-09-03 09:17,FALSE,TRUE
23,28,TRUE,2026-09-16 14:00,FALSE,,FALSE,FALSE
24,7,TRUE,2026-09-07 12:00,TRUE,2026-09-07 13:22,FALSE,FALSE
24,16,TRUE,2026-09-15 14:00,TRUE,2026-09-15 15:42,FALSE,FALSE
24,22,FALSE,,FALSE,,FALSE,FALSE
24,30,TRUE,2026-09-08 10:00,TRUE,2026-09-08 11:12,TRUE,FALSE
24,14,TRUE,2026-09-15 11:00,TRUE,2026-09-15 11:36,FALSE,FALSE
24,44,TRUE,2026-09-05 12:00,TRUE,2026-09-05 13:04,FALSE,FALSE
24,43,TRUE,2026-09-02 11:00,TRUE,2026-09-02 12:21,FALSE,TRUE
24,51,TRUE,2026-09-10 13:00,FALSE,,TRUE,FALSE
24,54,TRUE,2026-09-03 12:00,FALSE,,FALSE,TRUE
24,47,TRUE,2026-09-05 11:00,TRUE,2026-09-05 12:31,FALSE,FALSE
24,26,TRUE,2026-09-15 18:00,FALSE,,TRUE,FALSE
24,20,TRUE,2026-09-02 11:00,FALSE,,TRUE,FALSE
24,8,TRUE,2026-09-12 12:00,TRUE,2026-09-12 12:53,TRUE,FALSE
24,35,TRUE,2026-09-06 18:00,TRUE,2026-09-06 19:24,FALSE,FALSE
24,52,TRUE,2026-09-12 13:00,TRUE,2026-09-12 14:21,FALSE,FALSE
24,28,TRUE,2026-09-03 13:00,TRUE,2026-09-03 14:26,FALSE,FALSE
24,6,TRUE,2026-09-16 18:00,FALSE,,FALSE,TRUE
24,49,TRUE,2026-09-14 17:00,TRUE,2026-09-14 17:45,FALSE,FALSE
24,24,TRUE,2026-09-06 12:00,TRUE,2026-09-06 12:56,FALSE,FALSE
24,50,TRUE,2026-09-11 11:00,FALSE,,FALSE,FALSE
24,13,TRUE,2026-09-09 18:00,TRUE,2026-09-09 18:43,TRUE,TRUE
24,31,TRUE,2026-09-04 12:00,FALSE,,FALSE,FALSE
24,48,TRUE,2026-09-14 10:00,TRUE,2026-09-14 12:00,FALSE,FALSE
24,27,TRUE,2026-09-13 12:00,TRUE,2026-09-13 13:58,FALSE,FALSE
24,37,TRUE,2026-09-15 09:00,TRUE,2026-09-15 10:55,FALSE,FALSE
24,42,TRUE,2026-09-09 11:00,TRUE,2026-09-09 12:56,FALSE,FALSE
24,12,TRUE,2026-09-15 10:00,FALSE,,FALSE,FALSE
24,9,TRUE,2026-09-16 15:00,FALSE,,TRUE,FALSE
24,41,FALSE,,FALSE,,FALSE,TRUE
24,19,TRUE,2026-09-02 08:00,TRUE,2026-09-02 08:31,FALSE,FALSE
25,36,TRUE,2026-09-05 08:00,TRUE,2026-09-05 09:25,FALSE,FALSE
25,53,TRUE,2026-09-06 10:00,FALSE,,FALSE,FALSE
25,10,FALSE,,FALSE,,FALSE,TRUE
25,13,TRUE,2026-09-10 17:00,TRUE,2026-09-10 18:00,TRUE,TRUE
25,44,TRUE,2026-09-16 15:00,TRUE,2026-09-16 15:29,FALSE,TRUE
25,32,TRUE,2026-09-02 11:00,FALSE,,TRUE,FALSE
25,45,FALSE,,FALSE,,FALSE,FALSE
25,49,TRUE,2026-09-14 08:00,TRUE,2026-09-14 09:26,FALSE,FALSE
25,30,FALSE,,FALSE,,TRUE,FALSE
25,47,TRUE,2026-09-02 08:00,TRUE,2026-09-02 08:58,FALSE,FALSE
25,35,TRUE,2026-09-13 10:00,FALSE,,FALSE,FALSE
25,29,TRUE,2026-09-03 18:00,TRUE,2026-09-03 19:24,FALSE,FALSE
25,5,TRUE,2026-09-03 16:00,TRUE,2026-09-03 16:20,FALSE,TRUE
25,7,TRUE,2026-09-11 11:00,TRUE,2026-09-11 12:51,FALSE,FALSE
25,39,TRUE,2026-09-06 10:00,FALSE,,FALSE,FALSE
25,17,TRUE,2026-09-07 11:00,FALSE,,FALSE,TRUE
25,28,TRUE,2026-09-12 15:00,FALSE,,FALSE,FALSE
25,42,TRUE,2026-09-03 12:00,TRUE,2026-09-03 13:03,TRUE,FALSE
25,25,TRUE,2026-09-03 10:00,TRUE,2026-09-03 11:54,FALSE,TRUE
25,43,TRUE,2026-09-13 09:00,FALSE,,FALSE,FALSE
27,47,TRUE,2026-09-12 10:00,FALSE,,FALSE,FALSE
27,46,TRUE,2026-09-04 09:00,TRUE,2026-09-04 10:20,FALSE,FALSE
27,15,TRUE,2026-09-11 14:00,TRUE,2026-09-11 15:23,FALSE,FALSE
27,26,TRUE,2026-09-16 10:00,TRUE,2026-09-16 11:07,FALSE,FALSE
27,27,FALSE,,FALSE,,FALSE,FALSE
27,33,TRUE,2026-09-12 16:00,TRUE,2026-09-12 17:18,FALSE,FALSE
27,44,TRUE,2026-09-15 13:00,TRUE,2026-09-15 14:33,FALSE,FALSE
27,22,TRUE,2026-09-05 15:00,FALSE,,FALSE,FALSE
27,10,TRUE,2026-09-10 17:00,FALSE,,FALSE,FALSE
27,28,TRUE,2026-09-15 15:00,TRUE,2026-09-15 15:14,FALSE,FALSE
27,51,TRUE,2026-09-06 08:00,TRUE,2026-09-06 09:15,FALSE,FALSE
27,16,TRUE,2026-09-09 15:00,TRUE,2026-09-09 16:02,FALSE,FALSE
27,12,TRUE,2026-09-09 18:00,FALSE,,FALSE,FALSE
27,30,TRUE,2026-09-15 09:00,TRUE,2026-09-15 10:24,FALSE,TRUE
27,41,TRUE,2026-09-12 18:00,TRUE,2026-09-12 18:48,FALSE,FALSE
27,34,TRUE,2026-09-09 13:00,TRUE,2026-09-09 14:24,FALSE,FALSE
27,54,TRUE,2026-09-09 09:00,FALSE,,FALSE,FALSE
27,29,TRUE,2026-09-12 12:00,TRUE,2026-09-12 12:52,FALSE,FALSE
27,35,TRUE,2026-09-04 14:00,FALSE,,FALSE,FALSE
28,18,TRUE,2026-09-15 10:00,FALSE,,FALSE,FALSE
28,34,TRUE,2026-09-16 14:00,TRUE,2026-09-16 15:22,TRUE,TRUE
28,17,TRUE,2026-09-07 12:00,TRUE,2026-09-07 12:22,FALSE,FALSE
28,50,TRUE,2026-09-10 12:00,TRUE,2026-09-10 13:15,TRUE,FALSE
28,26,TRUE,2026-09-12 11:00,FALSE,,FALSE,FALSE
28,11,TRUE,2026-09-12 10:00,TRUE,2026-09-12 11:28,TRUE,FALSE
28,31,TRUE,2026-09-12 13:00,TRUE,2026-09-12 14:42,FALSE,FALSE
28,7,TRUE,2026-09-12 14:00,TRUE,2026-09-12 15:59,TRUE,FALSE
28,45,TRUE,2026-09-14 08:00,TRUE,2026-09-14 08:08,FALSE,FALSE
28,42,FALSE,,FALSE,,FALSE,TRUE
28,12,TRUE,2026-09-12 12:00,FALSE,,FALSE,TRUE
28,33,TRUE,2026-09-10 08:00,TRUE,2026-09-10 09:02,FALSE,TRUE
28,53,TRUE,2026-09-15 11:00,TRUE,2026-09-15 12:16,FALSE,FALSE
28,37,TRUE,2026-09-13 12:00,TRUE,2026-09-13 12:11,TRUE,FALSE
28,13,TRUE,2026-09-12 13:00,TRUE,2026-09-12 13:11,FALSE,FALSE
28,36,TRUE,2026-09-14 15:00,TRUE,2026-09-14 16:26,FALSE,FALSE
28,5,TRUE,2026-09-10 17:00,FALSE,,FALSE,FALSE
28,8,TRUE,2026-09-12 09:00,FALSE,,FALSE,FALSE
28,32,TRUE,2026-09-08 12:00,TRUE,2026-09-08 12:21,FALSE,TRUE
28,48,FALSE,,FALSE,,FALSE,TRUE
28,23,FALSE,,FALSE,,TRUE,FALSE
28,20,TRUE,2026-09-12 17:00,TRUE,2026-09-12 17:43,FALSE,FALSE
28,21,TRUE,2026-09-14 13:00,TRUE,2026-09-14 13:28,FALSE,TRUE
28,29,TRUE,2026-09-10 16:00,TRUE,2026-09-10 16:49,FALSE,FALSE
28,10,TRUE,2026-09-07 12:00,FALSE,,FALSE,FALSE
28,27,TRUE,2026-09-15 18:00,FALSE,,FALSE,FALSE
28,46,TRUE,2026-09-11 17:00,FALSE,,FALSE,TRUE
30,12,TRUE,2026-09-14 11:00,TRUE,2026-09-14 11:59,TRUE,FALSE
30,29,TRUE,2026-09-16 14:00,TRUE,2026-09-16 14:14,FALSE,FALSE
30,21,TRUE,2026-09-07 08:00,FALSE,,FALSE,TRUE
30,39,TRUE,2026-09-11 11:00,TRUE,2026-09-11 11:57,FALSE,FALSE
30,23,TRUE,2026-09-02 14:00,TRUE,2026-09-02 15:13,FALSE,FALSE
30,6,FALSE,,FALSE,,FALSE,FALSE
30,38,TRUE,2026-09-07 16:00,FALSE,,FALSE,FALSE
30,28,FALSE,,FALSE,,FALSE,FALSE
30,37,TRUE,2026-09-12 08:00,TRUE,2026-09-12 09:13,FALSE,FALSE
30,46,TRUE,2026-09-15 16:00,FALSE,,FALSE,FALSE
30,33,TRUE,2026-09-14 18:00,TRUE,2026-09-14 18:06,FALSE,FALSE
30,36,TRUE,2026-09-02 17:00,TRUE,2026-09-02 18:13,FALSE,FALSE
30,7,TRUE,2026-09-13 13:00,FALSE,,TRUE,TRUE
30,50,TRUE,2026-09-04 11:00,TRUE,2026-09-04 11:37,FALSE,FALSE
30,17,TRUE,2026-09-15 08:00,TRUE,2026-09-15 09:15,FALSE,FALSE
30,25,TRUE,2026-09-03 12:00,FALSE,,FALSE,FALSE
30,45,TRUE,2026-09-04 18:00,TRUE,2026-09-04 18:17,FALSE,FALSE
30,10,TRUE,2026-09-09 15:00,FALSE,,FALSE,FALSE
30,11,TRUE,2026-09-11 13:00,TRUE,2026-09-11 13:59,FALSE,FALSE
30,48,TRUE,2026-09-13 18:00,TRUE,2026-09-13 19:52,FALSE,FALSE
30,53,TRUE,2026-09-09 15:00,TRUE,2026-09-09 16:44,FALSE,FALSE
30,22,TRUE,2026-09-11 09:00,TRUE,2026-09-11 10:54,TRUE,TRUE
30,44,TRUE,2026-09-13 18:00,FALSE,,FALSE,FALSE
30,5,TRUE,2026-09-02 17:00,TRUE,2026-09-02 18:43,FALSE,TRUE
30,51,TRUE,2026-09-10 16:00,TRUE,2026-09-10 17:44,FALSE,FALSE
30,42,TRUE,2026-09-11 12:00,FALSE,,FALSE,FALSE
30,43,TRUE,2026-09-02 18:00,FALSE,,TRUE,TRUE
31,53,TRUE,2026-09-10 13:00,TRUE,2026-09-10 14:03,TRUE,FALSE
31,37,TRUE,2026-09-03 16:00,TRUE,2026-09-03 16:40,TRUE,FALSE
31,13,TRUE,2026-09-04 14:00,TRUE,2026-09-04 14:51,FALSE,TRUE
31,33,FALSE,,FALSE,,FALSE,TRUE
31,15,TRUE,2026-09-08 13:00,TRUE,2026-09-08 13:49,FALSE,FALSE
31,16,TRUE,2026-09-10 10:00,TRUE,2026-09-10 10:34,FALSE,FALSE
31,41,TRUE,2026-09-04 10:00,TRUE,2026-09-04 11:36,TRUE,FALSE
31,48,TRUE,2026-09-07 09:00,TRUE,2026-09-07 10:06,FALSE,FALSE
31,14,TRUE,2026-09-08 08:00,FALSE,,FALSE,FALSE
31,35,TRUE,2026-09-10 08:00,TRUE,2026-09-10 08:23,FALSE,FALSE
31,27,TRUE,2026-09-08 17:00,TRUE,2026-09-08 18:26,FALSE,FALSE
31,7,TRUE,2026-09-06 09:00,FALSE,,FALSE,FALSE
31,19,TRUE,2026-09-05 14:00,TRUE,2026-09-05 15:46,FALSE,TRUE
31,36,TRUE,2026-09-10 12:00,FALSE,,FALSE,TRUE
31,42,TRUE,2026-09-03 11:00,TRUE,2026-09-03 11:21,FALSE,FALSE
31,9,TRUE,2026-09-10 18:00,TRUE,2026-09-10 18:24,FALSE,FALSE
31,21,TRUE,2026-09-11 08:00,TRUE,2026-09-11 09:13,FALSE,FALSE
31,28,TRUE,2026-09-04 17:00,TRUE,2026-09-04 17:05,TRUE,TRUE
31,40,TRUE,2026-09-10 14:00,TRUE,2026-09-10 14:10,FALSE,FALSE
31,6,TRUE,2026-09-09 14:00,TRUE,2026-09-09 15:47,FALSE,TRUE
32,32,TRUE,2026-09-05 13:00,TRUE,2026-09-05 13:18,FALSE,FALSE
32,13,TRUE,2026-09-15 16:00,TRUE,2026-09-15 16:51,FALSE,TRUE
32,21,TRUE,2026-09-05 14:00,TRUE,2026-09-05 15:16,FALSE,FALSE
32,35,TRUE,2026-09-06 12:00,TRUE,2026-09-06 13:44,FALSE,FALSE
32,19,TRUE,2026-09-12 09:00,TRUE,2026-09-12 10:02,FALSE,TRUE
32,10,TRUE,2026-09-10 14:00,TRUE,2026-09-10 15:47,FALSE,FALSE
32,23,TRUE,2026-09-04 14:00,TRUE,2026-09-04 14:05,TRUE,TRUE
32,43,TRUE,2026-09-11 14:00,FALSE,,FALSE,FALSE
32,39,TRUE,2026-09-13 14:00,TRUE,2026-09-13 14:56,FALSE,FALSE
32,31,TRUE,2026-09-11 08:00,TRUE,2026-09-11 09:49,FALSE,FALSE
32,52,FALSE,,FALSE,,TRUE,TRUE
32,17,TRUE,2026-09-05 08:00,TRUE,2026-09-05 09:10,FALSE,FALSE
32,5,TRUE,2026-09-02 13:00,FALSE,,FALSE,FALSE
32,42,TRUE,2026-09-14 14:00,TRUE,2026-09-14 14:55,FALSE,FALSE
32,38,FALSE,,FALSE,,FALSE,TRUE
32,12,TRUE,2026-09-13 16:00,TRUE,2026-09-13 16:49,FALSE,TRUE
32,40,TRUE,2026-09-05 15:00,TRUE,2026-09-05 16:18,FALSE,FALSE
32,41,TRUE,2026-09-10 09:00,TRUE,2026-09-10 09:48,TRUE,TRUE
33,39,TRUE,2026-09-14 13:00,TRUE,2026-09-14 13:50,FALSE,FALSE
33,41,TRUE,2026-09-05 12:00,FALSE,,FALSE,TRUE
33,21,FALSE,,FALSE,,TRUE,FALSE
33,49,TRUE,2026-09-16 17:00,FALSE,,TRUE,FALSE
33,33,TRUE,2026-09-09 11:00,FALSE,,FALSE,FALSE
33,29,TRUE,2026-09-15 11:00,TRUE,2026-09-15 11:50,FALSE,FALSE
33,53,TRUE,2026-09-12 18:00,TRUE,2026-09-12 18:05,FALSE,FALSE
33,35,FALSE,,FALSE,,FALSE,FALSE
33,20,TRUE,2026-09-16 17:00,TRUE,2026-09-16 18:07,FALSE,TRUE
33,26,TRUE,2026-09-08 11:00,TRUE,2026-09-08 11:21,FALSE,TRUE
33,34,TRUE,2026-09-10 08:00,TRUE,2026-09-10 08:55,TRUE,TRUE
33,44,TRUE,2026-09-03 16:00,TRUE,2026-09-03 17:33,FALSE,FALSE
33,42,TRUE,2026-09-03 13:00,TRUE,2026-09-03 14:55,FALSE,FALSE
33,6,TRUE,2026-09-09 17:00,FALSE,,FALSE,FALSE
33,47,TRUE,2026-09-14 13:00,TRUE,2026-09-14 13:56,FALSE,FALSE
33,12,TRUE,2026-09-11 18:00,FALSE,,FALSE,FALSE
33,52,TRUE,2026-09-08 14:00,FALSE,,TRUE,FALSE
33,9,TRUE,2026-09-02 10:00,TRUE,2026-09-02 10:22,TRUE,TRUE
33,51,TRUE,2026-09-13 13:00,TRUE,2026-09-13 13:43,FALSE,TRUE
33,25,FALSE,,FALSE,,FALSE,FALSE
33,30,TRUE,2026-09-06 15:00,TRUE,2026-09-06 15:17,FALSE,FALSE
33,54,TRUE,2026-09-10 16:00,TRUE,2026-09-10 16:37,FALSE,FALSE
33,45,TRUE,2026-09-12 17:00,FALSE,,FALSE,FALSE
35,54,TRUE,2026-09-05 13:00,FALSE,,FALSE,FALSE
35,23,TRUE,2026-09-06 15:00,TRUE,2026-09-06 15:51,FALSE,FALSE
35,27,TRUE,2026-09-04 10:00,TRUE,2026-09-04 10:21,FALSE,FALSE
35,25,TRUE,2026-09-13 09:00,FALSE,,FALSE,FALSE
35,48,TRUE,2026-09-09 16:00,FALSE,,FALSE,FALSE
35,37,TRUE,2026-09-03 12:00,TRUE,2026-09-03 12:15,FALSE,TRUE
35,36,TRUE,2026-09-05 12:00,TRUE,2026-09-05 12:21,FALSE,TRUE
35,33,FALSE,,FALSE,,FALSE,TRUE
35,10,TRUE,2026-09-09 15:00,TRUE,2026-09-09 16:14,TRUE,FALSE
35,29,TRUE,2026-09-13 16:00,FALSE,,FALSE,FALSE
35,44,TRUE,2026-09-11 14:00,TRUE,2026-09-11 15:26,FALSE,TRUE
35,53,TRUE,2026-09-05 09:00,TRUE,2026-09-05 09:51,FALSE,FALSE
35,34,FALSE,,FALSE,,FALSE,TRUE
35,14,TRUE,2026-09-06 15:00,TRUE,2026-09-06 16:33,TRUE,TRUE
35,15,TRUE,2026-09-02 14:00,TRUE,2026-09-02 15:21,FALSE,FALSE
35,26,TRUE,2026-09-08 16:00,TRUE,2026-09-08 16:36,FALSE,FALSE
35,31,TRUE,2026-09-08 11:00,FALSE,,FALSE,FALSE
35,30,TRUE,2026-09-16 17:00,TRUE,2026-09-16 18:32,FALSE,FALSE
35,9,TRUE,2026-09-06 14:00,FALSE,,FALSE,FALSE
35,7,TRUE,2026-09-09 17:00,TRUE,2026-09-09 18:34,FALSE,FALSE
36,14,TRUE,2026-09-07 14:00,FALSE,,FALSE,TRUE
36,8,TRUE,2026-09-14 08:00,FALSE,,TRUE,TRUE
36,39,FALSE,,FALSE,,FALSE,FALSE
36,6,TRUE,2026-09-05 12:00,TRUE,2026-09-05 13:51,FALSE,TRUE
36,16,TRUE,2026-09-08 15:00,FALSE,,TRUE,FALSE
36,11,TRUE,2026-09-03 16:00,TRUE,2026-09-03 16:31,FALSE,FALSE
36,23,TRUE,2026-09-07 10:00,TRUE,2026-09-07 10:10,FALSE,FALSE
36,22,TRUE,2026-09-09 18:00,FALSE,,FALSE,FALSE
36,13,TRUE,2026-09-03 11:00,TRUE,2026-09-03 11:46,FALSE,TRUE
36,33,TRUE,2026-09-08 11:00,FALSE,,FALSE,TRUE
36,5,TRUE,2026-09-11 10:00,TRUE,2026-09-11 10:16,FALSE,FALSE
36,19,TRUE,2026-09-07 18:00,FALSE,,FALSE,FALSE
36,10,TRUE,2026-09-03 10:00,TRUE,2026-09-03 10:45,TRUE,TRUE
36,54,TRUE,2026-09-14 15:00,TRUE,2026-09-14 15:07,FALSE,FALSE
36,44,TRUE,2026-09-16 08:00,TRUE,2026-09-16 09:01,FALSE,FALSE
39,17,TRUE,2026-09-13 09:00,TRUE,2026-09-13 10:13,TRUE,FALSE
39,41,TRUE,2026-09-14 16:00,FALSE,,FALSE,FALSE
39,16,TRUE,2026-09-03 16:00,TRUE,2026-09-03 16:10,TRUE,FALSE
39,39,TRUE,2026-09-05 09:00,TRUE,2026-09-05 09:17,FALSE,FALSE
39,27,TRUE,2026-09-09 16:00,TRUE,2026-09-09 17:20,FALSE,FALSE
39,25,TRUE,2026-09-03 08:00,TRUE,2026-09-03 08:31,FALSE,TRUE
39,34,TRUE,2026-09-09 18:00,FALSE,,FALSE,TRUE
39,22,TRUE,2026-09-07 08:00,TRUE,2026-09-07 08:39,FALSE,FALSE
39,43,TRUE,2026-09-03 11:00,TRUE,2026-09-03 11:17,FALSE,FALSE
39,40,TRUE,2026-09-05 16:00,TRUE,2026-09-05 17:17,FALSE,FALSE
39,15,TRUE,2026-09-08 09:00,TRUE,2026-09-08 10:18,FALSE,FALSE
39,9,TRUE,2026-09-16 09:00,FALSE,,FALSE,FALSE
39,38,TRUE,2026-09-04 16:00,TRUE,2026-09-04 17:01,TRUE,TRUE
39,14,TRUE,2026-09-07 13:00,TRUE,2026-09-07 14:26,FALSE,FALSE
39,33,TRUE,2026-09-11 16:00,FALSE,,FALSE,TRUE
39,23,TRUE,2026-09-09 15:00,TRUE,2026-09-09 15:05,FALSE,TRUE
39,21,TRUE,2026-09-10 10:00,TRUE,2026-09-10 10:43,FALSE,TRUE
39,28,TRUE,2026-09-07 08:00,TRUE,2026-09-07 09:33,TRUE,TRUE
39,48,TRUE,2026-09-11 17:00,FALSE,,FALSE,FALSE
39,5,TRUE,2026-09-07 17:00,FALSE,,FALSE,FALSE
39,29,TRUE,2026-09-11 11:00,TRUE,2026-09-11 12:37,FALSE,FALSE
39,49,TRUE,2026-09-16 17:00,TRUE,2026-09-16 17:17,FALSE,FALSE
39,42,TRUE,2026-09-11 14:00,FALSE,,FALSE,TRUE
39,54,TRUE,2026-09-15 14:00,TRUE,2026-09-15 15:56,FALSE,TRUE
39,37,TRUE,2026-09-15 17:00,TRUE,2026-09-15 18:26,FALSE,FALSE
39,10,TRUE,2026-09-02 13:00,TRUE,2026-09-02 13:24,FALSE,FALSE
39,35,TRUE,2026-09-12 14:00,TRUE,2026-09-12 15:41,FALSE,FALSE
39,24,TRUE,2026-09-06 14:00,FALSE,,FALSE,FALSE
39,52,TRUE,2026-09-10 14:00,FALSE,,FALSE,FALSE
39,50,TRUE,2026-09-14 10:00,TRUE,2026-09-14 10:30,FALSE,FALSE
40,40,TRUE,2026-09-14 12:00,FALSE,,FALSE,FALSE
40,44,TRUE,2026-09-14 15:00,FALSE,,FALSE,FALSE
40,52,TRUE,2026-09-05 11:00,FALSE,,FALSE,FALSE
40,38,TRUE,2026-09-03 09:00,FALSE,,FALSE,FALSE
40,20,TRUE,2026-09-04 12:00,FALSE,,FALSE,FALSE
40,50,TRUE,2026-09-09 15:00,FALSE,,FALSE,FALSE
40,9,TRUE,2026-09-05 16:00,FALSE,,FALSE,FALSE
40,22,TRUE,2026-09-13 10:00,FALSE,,FALSE,FALSE
40,32,TRUE,2026-09-16 18:00,FALSE,,FALSE,FALSE
40,25,FALSE,,FALSE,,FALSE,FALSE
40,41,TRUE,2026-09-09 18:00,FALSE,,TRUE,FALSE
40,10,TRUE,2026-09-12 18:00,FALSE,,FALSE,FALSE
40,12,TRUE,2026-09-16 18:00,FALSE,,FALSE,TRUE
40,31,TRUE,2026-09-13 09:00,FALSE,,TRUE,FALSE
40,46,TRUE,2026-09-03 10:00,FALSE,,FALSE,TRUE
40,28,TRUE,2026-09-13 08:00,FALSE,,FALSE,TRUE
40,27,TRUE,2026-09-09 14:00,FALSE,,FALSE,FALSE
40,17,TRUE,2026-09-07 18:00,FALSE,,FALSE,TRUE
40,45,TRUE,2026-09-06 08:00,FALSE,,FALSE,TRUE
40,16,TRUE,2026-09-15 08:00,FALSE,,TRUE,TRUE
40,24,TRUE,2026-09-07 14:00,FALSE,,FALSE,FALSE
41,38,TRUE,2026-09-14 10:00,TRUE,2026-09-14 11:17,TRUE,FALSE
41,48,TRUE,2026-09-13 09:00,FALSE,,TRUE,FALSE
41,44,FALSE,,FALSE,,FALSE,TRUE
41,45,TRUE,2026-09-06 15:00,TRUE,2026-09-06 16:50,TRUE,TRUE
41,53,TRUE,2026-09-14 11:00,FALSE,,FALSE,TRUE
41,19,TRUE,2026-09-06 17:00,TRUE,2026-09-06 17:34,FALSE,FALSE
41,31,FALSE,,FALSE,,FALSE,TRUE
41,20,TRUE,2026-09-15 17:00,TRUE,2026-09-15 18:28,FALSE,TRUE
41,41,TRUE,2026-09-04 10:00,FALSE,,FALSE,TRUE
41,14,FALSE,,FALSE,,FALSE,FALSE
41,32,TRUE,2026-09-05 11:00,FALSE,,TRUE,TRUE
41,24,TRUE,2026-09-09 13:00,TRUE,2026-09-09 14:58,FALSE,FALSE
41,26,FALSE,,FALSE,,FALSE,FALSE
41,33,TRUE,2026-09-11 17:00,TRUE,2026-09-11 18:12,FALSE,FALSE
41,39,FALSE,,FALSE,,FALSE,FALSE
41,13,TRUE,2026-09-16 11:00,TRUE,2026-09-16 11:55,TRUE,FALSE
41,18,TRUE,2026-09-14 18:00,TRUE,2026-09-14 18:29,FALSE,FALSE
41,40,TRUE,2026-09-15 12:00,TRUE,2026-09-15 12:59,FALSE,TRUE
41,17,TRUE,2026-09-16 10:00,TRUE,2026-09-16 11:27,FALSE,FALSE
41,52,TRUE,2026-09-14 17:00,TRUE,2026-09-14 18:34,FALSE,FALSE
41,9,TRUE,2026-09-02 10:00,TRUE,2026-09-02 11:59,FALSE,FALSE
41,51,TRUE,2026-09-06 13:00,TRUE,2026-09-06 14:36,FALSE,FALSE
41,27,TRUE,2026-09-03 15:00,TRUE,2026-09-03 15:15,FALSE,FALSE
41,35,TRUE,2026-09-10 17:00,TRUE,2026-09-10 17:53,FALSE,FALSE
41,21,TRUE,2026-09-07 17:00,TRUE,2026-09-07 18:55,FALSE,TRUE
41,34,TRUE,2026-09-13 08:00,TRUE,2026-09-13 08:44,FALSE,TRUE
41,54,TRUE,2026-09-04 09:00,TRUE,2026-09-04 09:30,FALSE,TRUE
43,34,TRUE,2026-09-02 11:00,TRUE,2026-09-02 11:40,FALSE,FALSE
43,36,TRUE,2026-09-02 10:00,FALSE,,FALSE,FALSE
43,53,TRUE,2026-09-12 17:00,TRUE,2026-09-12 17:43,FALSE,FALSE
43,39,TRUE,2026-09-04 10:00,TRUE,2026-09-04 11:23,FALSE,FALSE
43,5,TRUE,2026-09-10 10:00,TRUE,2026-09-10 11:40,FALSE,TRUE
43,43,FALSE,,FALSE,,FALSE,FALSE
43,52,TRUE,2026-09-03 14:00,TRUE,2026-09-03 14:13,FALSE,FALSE
43,20,TRUE,2026-09-06 13:00,TRUE,2026-09-06 14:12,FALSE,FALSE
43,18,FALSE,,FALSE,,FALSE,TRUE
43,42,TRUE,2026-09-03 15:00,TRUE,2026-09-03 16:22,TRUE,TRUE
43,35,TRUE,2026-09-11 13:00,FALSE,,FALSE,FALSE
43,54,TRUE,2026-09-11 17:00,TRUE,2026-09-11 18:38,FALSE,FALSE
43,31,TRUE,2026-09-11 11:00,TRUE,2026-09-11 11:29,FALSE,FALSE
43,33,TRUE,2026-09-03 11:00,TRUE,2026-09-03 11:58,FALSE,FALSE
43,10,TRUE,2026-09-12 11:00,FALSE,,FALSE,FALSE
44,24,TRUE,2026-09-14 08:00,TRUE,2026-09-14 09:06,FALSE,FALSE
44,54,TRUE,2026-09-16 13:00,TRUE,2026-09-16 14:49,FALSE,FALSE
44,37,TRUE,2026-09-06 17:00,TRUE,2026-09-06 17:45,FALSE,FALSE
44,40,TRUE,2026-09-07 13:00,FALSE,,FALSE,TRUE
44,25,TRUE,2026-09-08 18:00,TRUE,2026-09-08 18:26,FALSE,FALSE
44,5,TRUE,2026-09-15 12:00,TRUE,2026-09-15 12:45,FALSE,FALSE
44,12,FALSE,,FALSE,,TRUE,FALSE
44,26,TRUE,2026-09-06 11:00,TRUE,2026-09-06 11:27,FALSE,TRUE
44,47,TRUE,2026-09-16 09:00,TRUE,2026-09-16 09:08,FALSE,TRUE
44,30,TRUE,2026-09-07 15:00,TRUE,2026-09-07 16:12,FALSE,FALSE
44,41,TRUE,2026-09-03 16:00,TRUE,2026-09-03 16:21,FALSE,FALSE
44,6,TRUE,2026-09-15 16:00,FALSE,,FALSE,FALSE
44,16,TRUE,2026-09-15 09:00,FALSE,,TRUE,FALSE
44,17,TRUE,2026-09-13 12:00,FALSE,,FALSE,FALSE
44,46,TRUE,2026-09-05 11:00,FALSE,,FALSE,TRUE
44,51,TRUE,2026-09-06 10:00,FALSE,,FALSE,TRUE
44,35,TRUE,2026-09-03 11:00,TRUE,2026-09-03 12:15,FALSE,FALSE
46,41,TRUE,2026-09-13 15:00,TRUE,2026-09-13 15:44,FALSE,FALSE
46,20,TRUE,2026-09-14 16:00,FALSE,,TRUE,TRUE
46,15,TRUE,2026-09-03 15:00,FALSE,,FALSE,FALSE
46,9,TRUE,2026-09-09 11:00,TRUE,2026-09-09 11:23,TRUE,FALSE
46,24,TRUE,2026-09-08 10:00,TRUE,2026-09-08 11:30,FALSE,TRUE
46,44,TRUE,2026-09-09 08:00,FALSE,,FALSE,FALSE
46,26,TRUE,2026-09-06 13:00,TRUE,2026-09-06 13:21,FALSE,FALSE
46,39,TRUE,2026-09-03 13:00,TRUE,2026-09-03 13:14,FALSE,FALSE
46,33,TRUE,2026-09-08 11:00,TRUE,2026-09-08 12:15,FALSE,FALSE
46,8,FALSE,,FALSE,,FALSE,FALSE
46,13,TRUE,2026-09-08 17:00,TRUE,2026-09-08 18:14,FALSE,FALSE
46,6,TRUE,2026-09-13 17:00,TRUE,2026-09-13 17:19,FALSE,FALSE
46,35,TRUE,2026-09-15 15:00,FALSE,,TRUE,FALSE
46,45,TRUE,2026-09-15 17:00,TRUE,2026-09-15 17:53,FALSE,FALSE
46,11,FALSE,,FALSE,,FALSE,FALSE
46,29,TRUE,2026-09-14 18:00,TRUE,2026-09-14 19:41,FALSE,FALSE
46,54,TRUE,2026-09-08 17:00,TRUE,2026-09-08 17:30,FALSE,TRUE
46,10,TRUE,2026-09-14 18:00,FALSE,,TRUE,FALSE
46,32,TRUE,2026-09-07 09:00,TRUE,2026-09-07 10:23,TRUE,FALSE
46,17,TRUE,2026-09-06 08:00,TRUE,2026-09-06 09:15,TRUE,FALSE
46,37,TRUE,2026-09-07 09:00,TRUE,2026-09-07 10:55,FALSE,FALSE
46,27,TRUE,2026-09-12 13:00,TRUE,2026-09-12 13:56,FALSE,FALSE
46,50,TRUE,2026-09-09 10:00,FALSE,,FALSE,TRUE
46,23,TRUE,2026-09-04 12:00,TRUE,2026-09-04 13:30,FALSE,FALSE
47,14,TRUE,2026-09-10 15:00,TRUE,2026-09-10 15:33,FALSE,FALSE
47,51,TRUE,2026-09-15 11:00,TRUE,2026-09-15 11:39,FALSE,FALSE
47,36,TRUE,2026-09-02 17:00,TRUE,2026-09-02 17:52,FALSE,FALSE
47,47,TRUE,2026-09-04 16:00,TRUE,2026-09-04 17:41,FALSE,FALSE
47,32,FALSE,,FALSE,,TRUE,FALSE
47,13,TRUE,2026-09-13 18:00,TRUE,2026-09-13 18:14,FALSE,FALSE
47,10,TRUE,2026-09-11 08:00,TRUE,2026-09-11 09:13,FALSE,FALSE
47,49,TRUE,2026-09-09 17:00,TRUE,2026-09-09 17:58,FALSE,TRUE
47,46,TRUE,2026-09-04 08:00,TRUE,2026-09-04 09:21,FALSE,FALSE
47,31,TRUE,2026-09-02 18:00,TRUE,2026-09-02 18:26,FALSE,FALSE
47,34,TRUE,2026-09-13 17:00,FALSE,,FALSE,FALSE
47,43,FALSE,,FALSE,,FALSE,FALSE
47,50,TRUE,2026-09-06 12:00,FALSE,,FALSE,FALSE
47,16,TRUE,2026-09-04 18:00,TRUE,2026-09-04 19:48,FALSE,TRUE
47,44,TRUE,2026-09-04 16:00,TRUE,2026-09-04 16:48,TRUE,TRUE
48,36,TRUE,2026-09-09 16:00,FALSE,,FALSE,FALSE
48,53,TRUE,2026-09-10 14:00,FALSE,,TRUE,FALSE
48,31,TRUE,2026-09-10 18:00,TRUE,2026-09-10 18:17,TRUE,FALSE
48,29,TRUE,2026-09-08 17:00,TRUE,2026-09-08 18:54,FALSE,FALSE
48,20,TRUE,2026-09-06 18:00,TRUE,2026-09-06 19:04,FALSE,FALSE
48,47,TRUE,2026-09-11 11:00,TRUE,2026-09-11 12:31,FALSE,FALSE
48,33,TRUE,2026-09-12 08:00,TRUE,2026-09-12 08:06,FALSE,FALSE
48,45,TRUE,2026-09-07 11:00,TRUE,2026-09-07 11:37,FALSE,FALSE
48,15,FALSE,,FALSE,,TRUE,FALSE
48,18,TRUE,2026-09-11 18:00,FALSE,,TRUE,FALSE
48,41,TRUE,2026-09-08 18:00,TRUE,2026-09-08 19:27,FALSE,TRUE
48,27,TRUE,2026-09-13 10:00,FALSE,,FALSE,TRUE
48,8,TRUE,2026-09-16 12:00,TRUE,2026-09-16 13:33,TRUE,TRUE
48,21,TRUE,2026-09-04 09:00,FALSE,,FALSE,FALSE
48,12,TRUE,2026-09-06 12:00,FALSE,,FALSE,TRUE
48,42,TRUE,2026-09-08 10:00,TRUE,2026-09-08 10:18,FALSE,TRUE
48,46,TRUE,2026-09-12 09:00,TRUE,2026-09-12 10:36,FALSE,FALSE
48,34,FALSE,,FALSE,,FALSE,TRUE
48,30,FALSE,,FALSE,,FALSE,FALSE
49,7,TRUE,2026-09-14 09:00,TRUE,2026-09-14 09:05,FALSE,FALSE
49,47,TRUE,2026-09-03 17:00,TRUE,2026-09-03 17:50,FALSE,FALSE
49,29,FALSE,,FALSE,,TRUE,FALSE
49,22,TRUE,2026-09-15 13:00,FALSE,,FALSE,TRUE
49,14,TRUE,2026-09-04 16:00,FALSE,,FALSE,FALSE
49,49,TRUE,2026-09-16 09:00,TRUE,2026-09-16 09:50,FALSE,TRUE
49,26,TRUE,2026-09-05 10:00,FALSE,,FALSE,TRUE
49,30,TRUE,2026-09-08 09:00,TRUE,2026-09-08 10:27,FALSE,FALSE
49,41,TRUE,2026-09-09 08:00,FALSE,,FALSE,TRUE
49,5,FALSE,,FALSE,,FALSE,TRUE
49,37,TRUE,2026-09-09 18:00,TRUE,2026-09-09 19:13,FALSE,FALSE
49,36,TRUE,2026-09-02 10:00,TRUE,2026-09-02 10:07,FALSE,TRUE
49,35,FALSE,,FALSE,,FALSE,FALSE
49,32,TRUE,2026-09-02 12:00,TRUE,2026-09-02 12:17,FALSE,FALSE
49,53,TRUE,2026-09-15 09:00,FALSE,,FALSE,FALSE
50,17,TRUE,2026-09-14 14:00,FALSE,,FALSE,FALSE
50,32,TRUE,2026-09-11 08:00,FALSE,,FALSE,FALSE
50,26,TRUE,2026-09-04 08:00,TRUE,2026-09-04 08:15,FALSE,FALSE
50,48,FALSE,,FALSE,,FALSE,TRUE
50,30,TRUE,2026-09-14 15:00,TRUE,2026-09-14 15:31,FALSE,FALSE
50,25,TRUE,2026-09-05 10:00,TRUE,2026-09-05 10:09,FALSE,FALSE
50,12,TRUE,2026-09-03 18:00,TRUE,2026-09-03 18:43,FALSE,FALSE
50,41,TRUE,2026-09-03 16:00,TRUE,2026-09-03 17:24,FALSE,TRUE
50,39,TRUE,2026-09-05 15:00,TRUE,2026-09-05 16:29,FALSE,FALSE
50,13,TRUE,2026-09-04 18:00,TRUE,2026-09-04 19:05,FALSE,FALSE
50,49,TRUE,2026-09-02 18:00,TRUE,2026-09-02 18:31,FALSE,FALSE
50,18,TRUE,2026-09-14 15:00,FALSE,,FALSE,TRUE
50,7,TRUE,2026-09-14 08:00,TRUE,2026-09-14 08:19,FALSE,FALSE
50,16,TRUE,2026-09-11 13:00,TRUE,2026-09-11 14:40,FALSE,FALSE
50,52,TRUE,2026-09-07 11:00,FALSE,,FALSE,TRUE
50,9,TRUE,2026-09-05 09:00,TRUE,2026-09-05 10:07,FALSE,FALSE
50,51,TRUE,2026-09-11 15:00,FALSE,,FALSE,FALSE
57,45,TRUE,2026-09-12 17:00,TRUE,2026-09-12 18:18,TRUE,TRUE
57,27,FALSE,,FALSE,,TRUE,FALSE
57,22,TRUE,2026-09-11 15:00,TRUE,2026-09-11 15:40,FALSE,FALSE
57,17,TRUE,2026-09-05 13:00,TRUE,2026-09-05 13:33,TRUE,FALSE
57,26,TRUE,2026-09-11 08:00,TRUE,2026-09-11 08:10,FALSE,FALSE
57,13,TRUE,2026-09-02 14:00,TRUE,2026-09-02 15:06,TRUE,FALSE
57,7,FALSE,,FALSE,,FALSE,FALSE
57,41,TRUE,2026-09-13 14:00,TRUE,2026-09-13 14:21,FALSE,FALSE
57,8,TRUE,2026-09-02 15:00,TRUE,2026-09-02 15:25,FALSE,TRUE
57,52,TRUE,2026-09-02 15:00,TRUE,2026-09-02 15:22,TRUE,FALSE
57,49,TRUE,2026-09-07 18:00,TRUE,2026-09-07 19:26,FALSE,FALSE
57,12,TRUE,2026-09-13 13:00,TRUE,2026-09-13 13:42,FALSE,FALSE
57,34,TRUE,2026-09-10 17:00,TRUE,2026-09-10 18:45,FALSE,FALSE
57,42,TRUE,2026-09-16 08:00,TRUE,2026-09-16 09:31,FALSE,FALSE
57,31,TRUE,2026-09-09 17:00,FALSE,,FALSE,FALSE
57,15,TRUE,2026-09-10 11:00,FALSE,,FALSE,FALSE
57,50,TRUE,2026-09-13 17:00,TRUE,2026-09-13 18:34,FALSE,FALSE
57,19,TRUE,2026-09-07 12:00,TRUE,2026-09-07 12:59,FALSE,FALSE
57,23,TRUE,2026-09-09 16:00,TRUE,2026-09-09 16:20,FALSE,FALSE
57,24,TRUE,2026-09-16 12:00,TRUE,2026-09-16 12:52,FALSE,TRUE
57,10,TRUE,2026-09-16 09:00,FALSE,,TRUE,FALSE
58,16,FALSE,,FALSE,,TRUE,TRUE
58,23,TRUE,2026-09-07 14:00,TRUE,2026-09-07 15:28,FALSE,FALSE
58,9,TRUE,2026-09-13 16:00,TRUE,2026-09-13 17:01,FALSE,FALSE
58,11,TRUE,2026-09-06 10:00,TRUE,2026-09-06 10:34,FALSE,TRUE
58,15,TRUE,2026-09-02 10:00,TRUE,2026-09-02 11:03,TRUE,FALSE
58,22,TRUE,2026-09-10 12:00,FALSE,,FALSE,FALSE
58,12,TRUE,2026-09-14 10:00,FALSE,,FALSE,TRUE
58,14,TRUE,2026-09-09 12:00,TRUE,2026-09-09 12:31,FALSE,FALSE
58,36,TRUE,2026-09-07 10:00,TRUE,2026-09-07 11:14,TRUE,FALSE
58,47,TRUE,2026-09-02 14:00,TRUE,2026-09-02 15:43,FALSE,FALSE
58,18,TRUE,2026-09-02 16:00,TRUE,2026-09-02 16:47,FALSE,FALSE
58,38,TRUE,2026-09-14 17:00,TRUE,2026-09-14 18:47,FALSE,TRUE
58,6,TRUE,2026-09-13 09:00,TRUE,2026-09-13 11:00,FALSE,FALSE
58,53,TRUE,2026-09-02 14:00,TRUE,2026-09-02 14:33,FALSE,FALSE
58,31,FALSE,,FALSE,,FALSE,FALSE
58,39,TRUE,2026-09-16 12:00,FALSE,,FALSE,TRUE
58,13,TRUE,2026-09-03 16:00,TRUE,2026-09-03 17:07,FALSE,FALSE
58,35,TRUE,2026-09-16 18:00,TRUE,2026-09-16 18:23,FALSE,FALSE
58,27,TRUE,2026-09-02 12:00,FALSE,,FALSE,FALSE
58,44,TRUE,2026-09-05 15:00,TRUE,2026-09-05 15:58,TRUE,FALSE
58,19,TRUE,2026-09-16 14:00,TRUE,2026-09-16 14:58,FALSE,FALSE
58,28,FALSE,,FALSE,,FALSE,FALSE
58,25,TRUE,2026-09-07 09:00,TRUE,2026-09-07 10:20,FALSE,FALSE
58,5,TRUE,2026-09-16 12:00,TRUE,2026-09-16 13:16,FALSE,FALSE
58,45,TRUE,2026-09-05 10:00,TRUE,2026-09-05 10:42,FALSE,FALSE
58,51,TRUE,2026-09-15 17:00,FALSE,,FALSE,FALSE
58,7,FALSE,,FALSE,,FALSE,FALSE
60,12,FALSE,,FALSE,,FALSE,TRUE
60,46,TRUE,2026-09-04 08:00,FALSE,,FALSE,TRUE
60,47,TRUE,2026-09-06 12:00,TRUE,2026-09-06 12:14,FALSE,TRUE
60,23,TRUE,2026-09-03 17:00,TRUE,2026-09-03 18:14,FALSE,FALSE
60,31,TRUE,2026-09-14 12:00,FALSE,,FALSE,FALSE
60,16,TRUE,2026-09-07 10:00,FALSE,,FALSE,FALSE
60,36,TRUE,2026-09-07 10:00,FALSE,,FALSE,FALSE
60,53,TRUE,2026-09-16 16:00,TRUE,2026-09-16 17:51,TRUE,TRUE
60,20,TRUE,2026-09-13 09:00,TRUE,2026-09-13 09:14,FALSE,FALSE
60,6,FALSE,,FALSE,,FALSE,FALSE
60,54,TRUE,2026-09-09 17:00,TRUE,2026-09-09 17:48,FALSE,FALSE
60,22,TRUE,2026-09-03 11:00,FALSE,,FALSE,FALSE
60,48,TRUE,2026-09-05 10:00,TRUE,2026-09-05 10:59,FALSE,TRUE
60,9,FALSE,,FALSE,,FALSE,TRUE
60,28,FALSE,,FALSE,,FALSE,TRUE
60,35,TRUE,2026-09-02 15:00,FALSE,,FALSE,FALSE
60,32,TRUE,2026-09-14 09:00,TRUE,2026-09-14 10:22,FALSE,TRUE
60,21,TRUE,2026-09-07 08:00,FALSE,,TRUE,TRUE
60,39,TRUE,2026-09-07 13:00,FALSE,,FALSE,FALSE
60,27,TRUE,2026-09-11 09:00,FALSE,,FALSE,FALSE
60,50,TRUE,2026-09-05 12:00,FALSE,,FALSE,FALSE
60,8,TRUE,2026-09-16 11:00,TRUE,2026-09-16 12:53,FALSE,FALSE
60,49,TRUE,2026-09-09 18:00,TRUE,2026-09-09 18:28,TRUE,TRUE
60,37,TRUE,2026-09-10 11:00,TRUE,2026-09-10 12:42,TRUE,FALSE
60,40,TRUE,2026-09-04 15:00,TRUE,2026-09-04 16:35,FALSE,FALSE
60,51,FALSE,,FALSE,,FALSE,FALSE
60,5,TRUE,2026-09-13 12:00,TRUE,2026-09-13 13:52,FALSE,FALSE
60,13,TRUE,2026-09-15 14:00,FALSE,,FALSE,TRUE
60,10,TRUE,2026-09-12 13:00,FALSE,,TRUE,FALSE
60,29,TRUE,2026-09-09 16:00,TRUE,2026-09-09 16:15,FALSE,FALSE
61,52,TRUE,2026-09-08 15:00,TRUE,2026-09-08 15:23,FALSE,FALSE
61,15,TRUE,2026-09-09 11:00,TRUE,2026-09-09 11:22,FALSE,FALSE
61,9,TRUE,2026-09-09 18:00,FALSE,,FALSE,FALSE
61,28,TRUE,2026-09-06 17:00,TRUE,2026-09-06 18:42,FALSE,TRUE
61,17,TRUE,2026-09-14 15:00,FALSE,,FALSE,FALSE
61,26,TRUE,2026-09-07 16:00,TRUE,2026-09-07 17:42,FALSE,FALSE
61,50,TRUE,2026-09-08 15:00,FALSE,,FALSE,FALSE
61,43,FALSE,,FALSE,,FALSE,TRUE
61,30,TRUE,2026-09-13 10:00,TRUE,2026-09-13 10:22,FALSE,FALSE
61,12,TRUE,2026-09-11 18:00,TRUE,2026-09-11 19:15,FALSE,FALSE
61,19,TRUE,2026-09-15 10:00,TRUE,2026-09-15 10:55,FALSE,FALSE
61,32,TRUE,2026-09-12 13:00,TRUE,2026-09-12 13:41,FALSE,FALSE
61,36,FALSE,,FALSE,,TRUE,FALSE
61,22,TRUE,2026-09-02 18:00,FALSE,,FALSE,FALSE
61,41,TRUE,2026-09-07 08:00,TRUE,2026-09-07 08:36,FALSE,FALSE
61,46,FALSE,,FALSE,,FALSE,TRUE
61,27,TRUE,2026-09-04 08:00,TRUE,2026-09-04 08:09,FALSE,TRUE
61,35,TRUE,2026-09-16 14:00,FALSE,,FALSE,FALSE
64,29,TRUE,2026-09-06 08:00,FALSE,,FALSE,TRUE
64,41,TRUE,2026-09-03 17:00,FALSE,,FALSE,FALSE
64,54,TRUE,2026-09-09 14:00,FALSE,,FALSE,FALSE
64,25,TRUE,2026-09-14 12:00,TRUE,2026-09-14 13:14,FALSE,FALSE
64,53,TRUE,2026-09-10 15:00,TRUE,2026-09-10 16:15,FALSE,FALSE
64,11,TRUE,2026-09-15 10:00,TRUE,2026-09-15 10:32,FALSE,TRUE
64,36,TRUE,2026-09-06 18:00,TRUE,2026-09-06 19:23,TRUE,TRUE
64,49,TRUE,2026-09-13 18:00,FALSE,,FALSE,FALSE
64,18,TRUE,2026-09-13 18:00,TRUE,2026-09-13 19:53,FALSE,FALSE
64,26,TRUE,2026-09-03 18:00,FALSE,,FALSE,TRUE
64,48,TRUE,2026-09-06 18:00,TRUE,2026-09-06 18:56,FALSE,FALSE
64,37,FALSE,,FALSE,,FALSE,FALSE
64,45,TRUE,2026-09-08 14:00,TRUE,2026-09-08 14:09,FALSE,FALSE
64,15,FALSE,,FALSE,,FALSE,FALSE
64,24,TRUE,2026-09-12 08:00,TRUE,2026-09-12 09:07,FALSE,FALSE
64,28,TRUE,2026-09-07 17:00,FALSE,,FALSE,TRUE
64,32,TRUE,2026-09-12 18:00,TRUE,2026-09-12 18:55,TRUE,FALSE
64,17,TRUE,2026-09-03 17:00,TRUE,2026-09-03 17:20,FALSE,TRUE
64,44,TRUE,2026-09-16 16:00,FALSE,,TRUE,FALSE
64,51,TRUE,2026-09-14 13:00,FALSE,,FALSE,FALSE
64,38,TRUE,2026-09-05 14:00,FALSE,,FALSE,FALSE
64,30,TRUE,2026-09-08 12:00,TRUE,2026-09-08 12:12,FALSE,FALSE
64,7,TRUE,2026-09-07 16:00,TRUE,2026-09-07 17:32,FALSE,FALSE
64,31,TRUE,2026-09-04 13:00,TRUE,2026-09-04 13:52,TRUE,FALSE
64,22,TRUE,2026-09-11 08:00,TRUE,2026-09-11 09:29,FALSE,FALSE
65,21,TRUE,2026-09-09 18:00,FALSE,,TRUE,FALSE
65,40,TRUE,2026-09-06 09:00,TRUE,2026-09-06 10:07,FALSE,FALSE
65,29,TRUE,2026-09-13 14:00,TRUE,2026-09-13 15:49,FALSE,FALSE
65,24,TRUE,2026-09-03 13:00,TRUE,2026-09-03 14:38,TRUE,FALSE
65,45,TRUE,2026-09-02 08:00,TRUE,2026-09-02 08:28,FALSE,TRUE
65,49,TRUE,2026-09-08 11:00,TRUE,2026-09-08 11:45,FALSE,FALSE
65,28,TRUE,2026-09-13 18:00,TRUE,2026-09-13 19:53,FALSE,FALSE
65,12,TRUE,2026-09-09 15:00,TRUE,2026-09-09 15:22,FALSE,FALSE
65,39,TRUE,2026-09-14 12:00,FALSE,,FALSE,FALSE
65,20,TRUE,2026-09-15 17:00,FALSE,,TRUE,TRUE
65,33,TRUE,2026-09-12 11:00,TRUE,2026-09-12 12:04,FALSE,FALSE
65,52,TRUE,2026-09-08 17:00,TRUE,2026-09-08 17:38,FALSE,TRUE
65,5,TRUE,2026-09-11 09:00,FALSE,,FALSE,TRUE
65,30,TRUE,2026-09-15 18:00,TRUE,2026-09-15 18:33,FALSE,FALSE
65,54,TRUE,2026-09-14 12:00,FALSE,,FALSE,FALSE
65,51,TRUE,2026-09-11 11:00,TRUE,2026-09-11 11:41,FALSE,FALSE
65,10,TRUE,2026-09-14 10:00,FALSE,,TRUE,FALSE
65,50,TRUE,2026-09-05 13:00,TRUE,2026-09-05 14:27,FALSE,FALSE
65,46,TRUE,2026-09-07 14:00,TRUE,2026-09-07 15:36,FALSE,FALSE
65,11,TRUE,2026-09-03 09:00,TRUE,2026-09-03 09:11,FALSE,FALSE
65,32,TRUE,2026-09-11 18:00,TRUE,2026-09-11 19:21,FALSE,TRUE
65,44,FALSE,,FALSE,,FALSE,FALSE
66,47,TRUE,2026-09-08 12:00,FALSE,,TRUE,FALSE
66,28,TRUE,2026-09-16 12:00,FALSE,,FALSE,FALSE
66,13,TRUE,2026-09-13 15:00,FALSE,,FALSE,FALSE
66,40,TRUE,2026-09-12 18:00,FALSE,,FALSE,FALSE
66,7,TRUE,2026-09-05 10:00,FALSE,,FALSE,FALSE
66,42,TRUE,2026-09-08 09:00,FALSE,,TRUE,TRUE
66,16,FALSE,,FALSE,,FALSE,FALSE
66,21,TRUE,2026-09-09 09:00,FALSE,,TRUE,TRUE
66,15,TRUE,2026-09-03 11:00,FALSE,,TRUE,FALSE
66,37,TRUE,2026-09-10 12:00,FALSE,,FALSE,FALSE
66,36,TRUE,2026-09-02 16:00,FALSE,,FALSE,FALSE
66,26,TRUE,2026-09-05 15:00,FALSE,,FALSE,TRUE
66,34,FALSE,,FALSE,,FALSE,FALSE
66,52,TRUE,2026-09-11 09:00,FALSE,,TRUE,FALSE
66,10,FALSE,,FALSE,,TRUE,FALSE
66,25,TRUE,2026-09-06 17:00,FALSE,,FALSE,FALSE
66,38,FALSE,,FALSE,,FALSE,FALSE
66,32,TRUE,2026-09-13 17:00,FALSE,,FALSE,TRUE
66,14,TRUE,2026-09-06 13:00,FALSE,,FALSE,FALSE
66,41,TRUE,2026-09-11 14:00,FALSE,,FALSE,FALSE
66,8,TRUE,2026-09-14 14:00,FALSE,,FALSE,TRUE
66,46,TRUE,2026-09-14 14:00,FALSE,,FALSE,TRUE
66,6,TRUE,2026-09-03 12:00,FALSE,,FALSE,FALSE
66,9,TRUE,2026-09-06 18:00,FALSE,,FALSE,FALSE
66,20,FALSE,,FALSE,,FALSE,FALSE
66,35,TRUE,2026-09-08 15:00,FALSE,,FALSE,FALSE
66,53,FALSE,,FALSE,,FALSE,FALSE
69,32,TRUE,2026-09-04 18:00,TRUE,2026-09-04 19:52,FALSE,FALSE
69,45,TRUE,2026-09-10 09:00,TRUE,2026-09-10 10:10,FALSE,FALSE
69,54,FALSE,,FALSE,,FALSE,FALSE
69,10,TRUE,2026-09-06 17:00,FALSE,,FALSE,FALSE
69,7,TRUE,2026-09-04 10:00,TRUE,2026-09-04 10:10,FALSE,TRUE
69,37,TRUE,2026-09-11 15:00,TRUE,2026-09-11 16:02,FALSE,FALSE
69,26,TRUE,2026-09-15 10:00,FALSE,,FALSE,TRUE
69,34,TRUE,2026-09-12 09:00,TRUE,2026-09-12 09:07,FALSE,FALSE
69,19,TRUE,2026-09-09 15:00,TRUE,2026-09-09 16:56,FALSE,FALSE
69,14,TRUE,2026-09-06 17:00,TRUE,2026-09-06 18:23,FALSE,FALSE
69,36,TRUE,2026-09-08 12:00,FALSE,,FALSE,FALSE
69,38,TRUE,2026-09-13 11:00,TRUE,2026-09-13 11:31,FALSE,FALSE
69,43,TRUE,2026-09-15 18:00,TRUE,2026-09-15 19:13,FALSE,FALSE
69,51,TRUE,2026-09-09 14:00,FALSE,,FALSE,FALSE
69,23,TRUE,2026-09-09 15:00,FALSE,,FALSE,FALSE
69,47,TRUE,2026-09-15 14:00,FALSE,,FALSE,FALSE
69,52,TRUE,2026-09-08 15:00,TRUE,2026-09-08 16:21,FALSE,TRUE
69,41,FALSE,,FALSE,,FALSE,FALSE
69,35,TRUE,2026-09-16 18:00,TRUE,2026-09-16 19:56,FALSE,FALSE
69,53,TRUE,2026-09-08 17:00,FALSE,,FALSE,TRUE
71,35,TRUE,2026-09-08 14:00,TRUE,2026-09-08 15:31,FALSE,FALSE
71,12,TRUE,2026-09-15 10:00,TRUE,2026-09-15 10:41,FALSE,FALSE
71,36,TRUE,2026-09-04 11:00,FALSE,,FALSE,TRUE
71,44,TRUE,2026-09-09 12:00,FALSE,,FALSE,TRUE
71,46,TRUE,2026-09-06 13:00,TRUE,2026-09-06 13:27,TRUE,TRUE
71,27,FALSE,,FALSE,,FALSE,FALSE
71,33,TRUE,2026-09-03 16:00,FALSE,,FALSE,FALSE
71,32,TRUE,2026-09-02 16:00,FALSE,,FALSE,FALSE
71,6,TRUE,2026-09-12 09:00,TRUE,2026-09-12 10:01,FALSE,TRUE
71,15,TRUE,2026-09-03 17:00,TRUE,2026-09-03 18:54,TRUE,TRUE
71,23,FALSE,,FALSE,,FALSE,FALSE
71,17,TRUE,2026-09-16 13:00,FALSE,,FALSE,FALSE
71,54,TRUE,2026-09-13 09:00,FALSE,,FALSE,TRUE
71,49,TRUE,2026-09-05 15:00,TRUE,2026-09-05 16:43,FALSE,FALSE
71,48,TRUE,2026-09-07 12:00,TRUE,2026-09-07 12:15,FALSE,FALSE
71,19,TRUE,2026-09-12 18:00,FALSE,,FALSE,FALSE
71,37,TRUE,2026-09-04 14:00,TRUE,2026-09-04 14:57,TRUE,TRUE
71,39,TRUE,2026-09-12 13:00,TRUE,2026-09-12 14:01,FALSE,FALSE
71,26,TRUE,2026-09-03 09:00,FALSE,,FALSE,TRUE
71,34,TRUE,2026-09-08 08:00,TRUE,2026-09-08 09:27,FALSE,FALSE
71,24,TRUE,2026-09-13 18:00,TRUE,2026-09-13 18:42,FALSE,TRUE
71,47,TRUE,2026-09-15 12:00,TRUE,2026-09-15 12:45,TRUE,FALSE
71,31,TRUE,2026-09-10 17:00,TRUE,2026-09-10 18:34,FALSE,FALSE
71,41,TRUE,2026-09-11 17:00,TRUE,2026-09-11 18:34,FALSE,TRUE
71,52,TRUE,2026-09-14 11:00,TRUE,2026-09-14 11:15,FALSE,FALSE
71,38,TRUE,2026-09-13 10:00,TRUE,2026-09-13 11:14,FALSE,FALSE
71,9,TRUE,2026-09-10 13:00,TRUE,2026-09-10 13:25,FALSE,TRUE
71,14,TRUE,2026-09-06 11:00,TRUE,2026-09-06 11:43,FALSE,TRUE
72,51,TRUE,2026-09-06 18:00,TRUE,2026-09-06 19:36,FALSE,FALSE
72,8,TRUE,2026-09-13 11:00,FALSE,,FALSE,FALSE
72,28,TRUE,2026-09-09 09:00,FALSE,,FALSE,FALSE
72,21,FALSE,,FALSE,,FALSE,FALSE
72,45,TRUE,2026-09-03 13:00,TRUE,2026-09-03 13:56,FALSE,FALSE
72,37,TRUE,2026-09-06 17:00,TRUE,2026-09-06 17:59,TRUE,FALSE
72,27,TRUE,2026-09-13 14:00,TRUE,2026-09-13 14:23,FALSE,FALSE
72,12,TRUE,2026-09-13 16:00,TRUE,2026-09-13 16:20,FALSE,FALSE
72,53,FALSE,,FALSE,,FALSE,FALSE
72,47,TRUE,2026-09-03 17:00,TRUE,2026-09-03 17:19,FALSE,FALSE
72,33,FALSE,,FALSE,,FALSE,FALSE
72,24,TRUE,2026-09-06 12:00,TRUE,2026-09-06 13:46,FALSE,TRUE
72,41,TRUE,2026-09-16 12:00,TRUE,2026-09-16 12:32,FALSE,FALSE
72,5,FALSE,,FALSE,,FALSE,FALSE
72,34,FALSE,,FALSE,,FALSE,FALSE
72,26,TRUE,2026-09-07 14:00,TRUE,2026-09-07 15:37,TRUE,FALSE
72,20,TRUE,2026-09-12 15:00,TRUE,2026-09-12 16:30,FALSE,TRUE
72,19,TRUE,2026-09-14 17:00,TRUE,2026-09-14 17:57,FALSE,TRUE
73,39,TRUE,2026-09-02 12:00,TRUE,2026-09-02 12:36,TRUE,TRUE
73,7,TRUE,2026-09-03 16:00,TRUE,2026-09-03 16:56,FALSE,FALSE
73,47,TRUE,2026-09-07 14:00,FALSE,,FALSE,FALSE
73,33,TRUE,2026-09-03 09:00,TRUE,2026-09-03 10:14,FALSE,FALSE
73,22,TRUE,2026-09-03 10:00,FALSE,,FALSE,FALSE
73,46,TRUE,2026-09-07 10:00,FALSE,,FALSE,FALSE
73,10,TRUE,2026-09-08 13:00,FALSE,,TRUE,TRUE
73,15,FALSE,,FALSE,,FALSE,FALSE
73,6,TRUE,2026-09-10 16:00,TRUE,2026-09-10 16:19,FALSE,FALSE
73,41,TRUE,2026-09-03 15:00,FALSE,,FALSE,TRUE
73,24,FALSE,,FALSE,,FALSE,FALSE
73,40,TRUE,2026-09-14 16:00,TRUE,2026-09-14 16:21,FALSE,FALSE
73,12,FALSE,,FALSE,,FALSE,FALSE
73,43,TRUE,2026-09-07 16:00,TRUE,2026-09-07 17:45,FALSE,TRUE
73,48,TRUE,2026-09-10 15:00,FALSE,,TRUE,TRUE
73,17,TRUE,2026-09-12 10:00,FALSE,,TRUE,FALSE
73,8,TRUE,2026-09-15 18:00,TRUE,2026-09-15 18:49,TRUE,FALSE
73,54,TRUE,2026-09-06 08:00,FALSE,,FALSE,FALSE
73,35,FALSE,,FALSE,,FALSE,TRUE
73,21,TRUE,2026-09-06 14:00,FALSE,,FALSE,TRUE
73,51,TRUE,2026-09-07 18:00,FALSE,,FALSE,FALSE
73,5,TRUE,2026-09-07 13:00,FALSE,,TRUE,FALSE
73,38,TRUE,2026-09-04 18:00,TRUE,2026-09-04 19:22,FALSE,TRUE
73,26,TRUE,2026-09-08 16:00,TRUE,2026-09-08 17:35,FALSE,FALSE
73,50,FALSE,,FALSE,,TRUE,FALSE
75,47,TRUE,2026-09-05 08:00,TRUE,2026-09-05 09:32,TRUE,FALSE
75,33,FALSE,,FALSE,,FALSE,FALSE
75,48,TRUE,2026-09-05 15:00,TRUE,2026-09-05 15:09,FALSE,TRUE
75,12,TRUE,2026-09-05 08:00,FALSE,,TRUE,FALSE
75,27,TRUE,2026-09-11 16:00,TRUE,2026-09-11 17:15,FALSE,FALSE
75,29,TRUE,2026-09-11 17:00,FALSE,,FALSE,FALSE
75,43,TRUE,2026-09-16 17:00,TRUE,2026-09-16 18:57,FALSE,TRUE
75,50,TRUE,2026-09-12 08:00,TRUE,2026-09-12 09:33,FALSE,FALSE
75,49,TRUE,2026-09-16 15:00,FALSE,,FALSE,FALSE
75,16,TRUE,2026-09-15 13:00,TRUE,2026-09-15 13:57,FALSE,FALSE
75,5,TRUE,2026-09-07 16:00,TRUE,2026-09-07 17:58,FALSE,FALSE
75,51,TRUE,2026-09-10 15:00,FALSE,,FALSE,FALSE
75,34,TRUE,2026-09-14 08:00,TRUE,2026-09-14 08:33,TRUE,FALSE
75,28,FALSE,,FALSE,,FALSE,FALSE
75,17,TRUE,2026-09-12 18:00,FALSE,,FALSE,TRUE
76,21,TRUE,2026-09-02 15:00,FALSE,,FALSE,FALSE
76,20,TRUE,2026-09-02 16:00,FALSE,,TRUE,FALSE
76,11,TRUE,2026-09-08 11:00,TRUE,2026-09-08 12:45,FALSE,FALSE
76,35,TRUE,2026-09-14 14:00,TRUE,2026-09-14 15:24,FALSE,FALSE
76,53,TRUE,2026-09-02 15:00,TRUE,2026-09-02 16:20,FALSE,FALSE
76,26,TRUE,2026-09-03 17:00,TRUE,2026-09-03 17:29,TRUE,FALSE
76,8,TRUE,2026-09-07 14:00,TRUE,2026-09-07 15:24,FALSE,FALSE
76,49,TRUE,2026-09-02 10:00,FALSE,,FALSE,TRUE
76,38,TRUE,2026-09-06 17:00,TRUE,2026-09-06 18:44,FALSE,FALSE
76,50,TRUE,2026-09-06 13:00,TRUE,2026-09-06 14:11,FALSE,FALSE
76,9,FALSE,,FALSE,,FALSE,TRUE
76,43,TRUE,2026-09-08 13:00,FALSE,,FALSE,TRUE
76,33,TRUE,2026-09-07 11:00,TRUE,2026-09-07 12:33,FALSE,FALSE
76,52,TRUE,2026-09-15 17:00,TRUE,2026-09-15 17:47,FALSE,FALSE
76,42,TRUE,2026-09-09 08:00,TRUE,2026-09-09 08:05,FALSE,FALSE
76,12,TRUE,2026-09-05 11:00,TRUE,2026-09-05 12:43,TRUE,FALSE
76,10,TRUE,2026-09-05 14:00,FALSE,,TRUE,FALSE
76,48,FALSE,,FALSE,,FALSE,FALSE
76,7,TRUE,2026-09-05 18:00,TRUE,2026-09-05 19:42,FALSE,TRUE
76,17,TRUE,2026-09-06 10:00,FALSE,,FALSE,FALSE
76,15,TRUE,2026-09-05 10:00,FALSE,,FALSE,FALSE
76,40,TRUE,2026-09-15 18:00,FALSE,,FALSE,TRUE
76,32,TRUE,2026-09-05 12:00,TRUE,2026-09-05 12:52,TRUE,FALSE
76,27,TRUE,2026-09-14 17:00,TRUE,2026-09-14 18:57,FALSE,FALSE
76,36,TRUE,2026-09-04 11:00,FALSE,,FALSE,FALSE
77,45,TRUE,2026-09-10 15:00,FALSE,,FALSE,FALSE
77,20,TRUE,2026-09-09 15:00,FALSE,,FALSE,FALSE
77,7,TRUE,2026-09-14 17:00,FALSE,,FALSE,FALSE
77,44,TRUE,2026-09-09 11:00,FALSE,,FALSE,FALSE
77,42,TRUE,2026-09-11 10:00,FALSE,,TRUE,FALSE
77,17,TRUE,2026-09-04 09:00,FALSE,,FALSE,FALSE
77,39,TRUE,2026-09-02 15:00,FALSE,,FALSE,FALSE
77,23,TRUE,2026-09-08 14:00,FALSE,,FALSE,FALSE
77,14,TRUE,2026-09-02 10:00,FALSE,,FALSE,FALSE
77,25,FALSE,,FALSE,,TRUE,FALSE
77,53,TRUE,2026-09-10 18:00,FALSE,,FALSE,FALSE
77,8,TRUE,2026-09-03 09:00,FALSE,,FALSE,FALSE
77,22,TRUE,2026-09-12 13:00,FALSE,,FALSE,FALSE
77,13,TRUE,2026-09-15 12:00,FALSE,,FALSE,FALSE
77,37,TRUE,2026-09-15 16:00,FALSE,,TRUE,FALSE
77,36,TRUE,2026-09-15 13:00,FALSE,,FALSE,FALSE
77,18,TRUE,2026-09-11 18:00,FALSE,,FALSE,FALSE
77,10,TRUE,2026-09-04 14:00,FALSE,,FALSE,FALSE
77,35,TRUE,2026-09-05 16:00,FALSE,,FALSE,FALSE
77,30,TRUE,2026-09-15 15:00,FALSE,,FALSE,FALSE
77,26,TRUE,2026-09-08 14:00,FALSE,,FALSE,FALSE
77,24,TRUE,2026-09-07 10:00,FALSE,,FALSE,FALSE
77,52,TRUE,2026-09-02 15:00,FALSE,,TRUE,TRUE
77,40,TRUE,2026-09-08 14:00,FALSE,,FALSE,FALSE
77,21,TRUE,2026-09-10 12:00,FALSE,,FALSE,FALSE
77,49,TRUE,2026-09-16 10:00,FALSE,,FALSE,TRUE
77,54,TRUE,2026-09-12 17:00,FALSE,,TRUE,FALSE
77,48,TRUE,2026-09-08 11:00,FALSE,,TRUE,FALSE
78,17,FALSE,,FALSE,,FALSE,FALSE
78,35,TRUE,2026-09-15 14:00,FALSE,,FALSE,TRUE
78,11,TRUE,2026-09-08 15:00,FALSE,,FALSE,FALSE
78,26,TRUE,2026-09-05 10:00,FALSE,,TRUE,FALSE
78,41,TRUE,2026-09-12 15:00,FALSE,,FALSE,FALSE
78,33,TRUE,2026-09-05 16:00,FALSE,,FALSE,FALSE
78,45,TRUE,2026-09-04 15:00,FALSE,,FALSE,FALSE
78,24,TRUE,2026-09-10 13:00,FALSE,,TRUE,TRUE
78,10,TRUE,2026-09-11 08:00,FALSE,,FALSE,FALSE
78,15,TRUE,2026-09-09 13:00,FALSE,,FALSE,FALSE
78,52,TRUE,2026-09-11 10:00,FALSE,,FALSE,FALSE
78,40,TRUE,2026-09-08 15:00,FALSE,,FALSE,FALSE
78,16,TRUE,2026-09-03 14:00,FALSE,,FALSE,FALSE
78,7,TRUE,2026-09-04 12:00,FALSE,,TRUE,FALSE
78,36,TRUE,2026-09-03 11:00,FALSE,,TRUE,FALSE
78,6,TRUE,2026-09-03 13:00,FALSE,,FALSE,FALSE
78,42,TRUE,2026-09-07 14:00,FALSE,,FALSE,FALSE
78,54,TRUE,2026-09-09 08:00,FALSE,,FALSE,FALSE
78,9,TRUE,2026-09-08 13:00,FALSE,,FALSE,TRUE
78,34,TRUE,2026-09-02 12:00,FALSE,,FALSE,TRUE
78,37,TRUE,2026-09-13 15:00,FALSE,,FALSE,FALSE
78,14,TRUE,2026-09-05 15:00,FALSE,,FALSE,TRUE
78,44,TRUE,2026-09-04 08:00,FALSE,,FALSE,FALSE
78,12,TRUE,2026-09-13 14:00,FALSE,,FALSE,FALSE
78,49,FALSE,,FALSE,,FALSE,FALSE
78,51,TRUE,2026-09-13 08:00,FALSE,,TRUE,FALSE
78,21,TRUE,2026-09-02 18:00,FALSE,,TRUE,FALSE
81,29,TRUE,2026-09-07 11:00,FALSE,,FALSE,FALSE
81,49,TRUE,2026-09-03 18:00,FALSE,,FALSE,FALSE
81,24,TRUE,2026-09-03 13:00,FALSE,,FALSE,FALSE
81,33,TRUE,2026-09-16 16:00,FALSE,,FALSE,FALSE
81,8,TRUE,2026-09-03 13:00,FALSE,,FALSE,FALSE
81,43,TRUE,2026-09-02 14:00,FALSE,,FALSE,FALSE
81,5,TRUE,2026-09-06 18:00,FALSE,,FALSE,FALSE
81,50,TRUE,2026-09-08 12:00,FALSE,,FALSE,FALSE
81,54,TRUE,2026-09-13 16:00,FALSE,,FALSE,TRUE
81,17,TRUE,2026-09-06 09:00,FALSE,,FALSE,TRUE
81,20,TRUE,2026-09-12 10:00,FALSE,,FALSE,FALSE
81,28,TRUE,2026-09-07 18:00,FALSE,,FALSE,FALSE
81,44,TRUE,2026-09-11 15:00,FALSE,,FALSE,FALSE
81,45,TRUE,2026-09-11 08:00,FALSE,,FALSE,FALSE
81,10,TRUE,2026-09-06 11:00,FALSE,,FALSE,TRUE
81,6,TRUE,2026-09-02 10:00,FALSE,,FALSE,FALSE
81,31,TRUE,2026-09-05 18:00,FALSE,,FALSE,TRUE
81,39,TRUE,2026-09-09 13:00,FALSE,,FALSE,FALSE
84,38,TRUE,2026-09-09 18:00,FALSE,,TRUE,FALSE
84,31,TRUE,2026-09-12 10:00,TRUE,2026-09-12 10:21,FALSE,FALSE
84,46,TRUE,2026-09-16 11:00,FALSE,,FALSE,FALSE
84,23,TRUE,2026-09-13 11:00,FALSE,,FALSE,FALSE
84,6,TRUE,2026-09-09 18:00,FALSE,,TRUE,FALSE
84,19,TRUE,2026-09-07 14:00,TRUE,2026-09-07 15:05,FALSE,FALSE
84,26,TRUE,2026-09-14 10:00,TRUE,2026-09-14 11:46,FALSE,TRUE
84,48,TRUE,2026-09-03 12:00,TRUE,2026-09-03 12:24,FALSE,FALSE
84,20,TRUE,2026-09-06 15:00,FALSE,,FALSE,FALSE
84,18,TRUE,2026-09-13 15:00,FALSE,,TRUE,FALSE
84,39,TRUE,2026-09-13 13:00,TRUE,2026-09-13 13:58,TRUE,TRUE
84,8,TRUE,2026-09-09 12:00,TRUE,2026-09-09 13:20,FALSE,TRUE
84,52,TRUE,2026-09-03 14:00,TRUE,2026-09-03 14:25,FALSE,FALSE
84,49,TRUE,2026-09-16 13:00,TRUE,2026-09-16 14:07,FALSE,FALSE
84,29,FALSE,,FALSE,,FALSE,FALSE
84,54,TRUE,2026-09-09 08:00,TRUE,2026-09-09 08:51,FALSE,FALSE
85,21,TRUE,2026-09-08 12:00,TRUE,2026-09-08 13:09,TRUE,FALSE
85,43,TRUE,2026-09-06 14:00,TRUE,2026-09-06 15:38,TRUE,FALSE
85,34,TRUE,2026-09-14 13:00,TRUE,2026-09-14 13:39,FALSE,TRUE
85,48,TRUE,2026-09-06 08:00,TRUE,2026-09-06 09:49,FALSE,FALSE
85,14,TRUE,2026-09-08 16:00,TRUE,2026-09-08 16:41,FALSE,FALSE
85,54,TRUE,2026-09-13 10:00,FALSE,,FALSE,TRUE
85,20,TRUE,2026-09-15 11:00,FALSE,,FALSE,FALSE
85,53,TRUE,2026-09-06 14:00,TRUE,2026-09-06 15:24,FALSE,FALSE
85,42,FALSE,,FALSE,,FALSE,FALSE
85,15,FALSE,,FALSE,,FALSE,FALSE
85,5,TRUE,2026-09-14 09:00,FALSE,,FALSE,TRUE
85,12,TRUE,2026-09-14 08:00,FALSE,,FALSE,FALSE
85,10,TRUE,2026-09-14 12:00,TRUE,2026-09-14 13:05,FALSE,FALSE
85,29,TRUE,2026-09-12 13:00,TRUE,2026-09-12 14:49,FALSE,FALSE
85,30,TRUE,2026-09-11 08:00,TRUE,2026-09-11 09:56,FALSE,FALSE
85,46,TRUE,2026-09-13 14:00,TRUE,2026-09-13 15:58,TRUE,FALSE
85,38,TRUE,2026-09-10 12:00,TRUE,2026-09-10 13:41,TRUE,FALSE
85,17,TRUE,2026-09-12 15:00,TRUE,2026-09-12 16:29,FALSE,TRUE
85,32,TRUE,2026-09-15 13:00,FALSE,,FALSE,FALSE
87,48,TRUE,2026-09-15 15:00,FALSE,,FALSE,FALSE
87,33,TRUE,2026-09-05 11:00,FALSE,,FALSE,FALSE
87,19,FALSE,,FALSE,,FALSE,FALSE
87,43,TRUE,2026-09-16 13:00,TRUE,2026-09-16 14:43,FALSE,FALSE
87,36,TRUE,2026-09-16 18:00,FALSE,,FALSE,FALSE
87,30,TRUE,2026-09-03 13:00,TRUE,2026-09-03 14:18,FALSE,FALSE
87,44,TRUE,2026-09-08 14:00,TRUE,2026-09-08 15:45,FALSE,TRUE
87,10,TRUE,2026-09-05 12:00,FALSE,,FALSE,FALSE
87,27,TRUE,2026-09-16 11:00,TRUE,2026-09-16 11:19,FALSE,FALSE
87,32,TRUE,2026-09-08 17:00,TRUE,2026-09-08 17:44,FALSE,FALSE
87,35,TRUE,2026-09-08 13:00,TRUE,2026-09-08 14:47,FALSE,TRUE
87,11,TRUE,2026-09-11 17:00,FALSE,,FALSE,FALSE
87,29,TRUE,2026-09-04 12:00,TRUE,2026-09-04 13:08,FALSE,FALSE
87,23,TRUE,2026-09-13 18:00,TRUE,2026-09-13 19:50,FALSE,FALSE
87,17,TRUE,2026-09-13 09:00,FALSE,,TRUE,FALSE
87,14,TRUE,2026-09-05 15:00,FALSE,,TRUE,FALSE
87,38,TRUE,2026-09-04 11:00,TRUE,2026-09-04 12:48,FALSE,FALSE
87,37,TRUE,2026-09-14 10:00,TRUE,2026-09-14 11:38,FALSE,TRUE
87,7,TRUE,2026-09-15 10:00,TRUE,2026-09-15 11:15,FALSE,FALSE
87,9,TRUE,2026-09-07 14:00,TRUE,2026-09-07 15:12,FALSE,FALSE
87,20,TRUE,2026-09-13 16:00,TRUE,2026-09-13 16:21,FALSE,TRUE
87,49,TRUE,2026-09-02 12:00,TRUE,2026-09-02 12:25,FALSE,FALSE
87,50,TRUE,2026-09-16 10:00,FALSE,,TRUE,FALSE
87,39,TRUE,2026-09-07 17:00,FALSE,,FALSE,TRUE
87,26,TRUE,2026-09-08 18:00,TRUE,2026-09-08 18:12,FALSE,TRUE
88,8,TRUE,2026-09-14 18:00,TRUE,2026-09-14 19:44,FALSE,TRUE
88,12,TRUE,2026-09-12 18:00,TRUE,2026-09-12 18:06,FALSE,FALSE
88,37,TRUE,2026-09-12 16:00,FALSE,,FALSE,TRUE
88,46,TRUE,2026-09-13 09:00,TRUE,2026-09-13 09:28,FALSE,TRUE
88,26,TRUE,2026-09-06 17:00,FALSE,,FALSE,FALSE
88,42,TRUE,2026-09-10 10:00,TRUE,2026-09-10 11:34,FALSE,FALSE
88,32,TRUE,2026-09-14 16:00,TRUE,2026-09-14 17:11,TRUE,FALSE
88,14,TRUE,2026-09-12 09:00,TRUE,2026-09-12 09:31,TRUE,TRUE
88,45,TRUE,2026-09-11 10:00,FALSE,,FALSE,FALSE
88,30,FALSE,,FALSE,,FALSE,FALSE
88,20,FALSE,,FALSE,,FALSE,TRUE
88,7,FALSE,,FALSE,,FALSE,FALSE
88,53,TRUE,2026-09-04 14:00,TRUE,2026-09-04 15:29,FALSE,FALSE
88,44,TRUE,2026-09-10 12:00,TRUE,2026-09-10 13:01,FALSE,FALSE
88,51,TRUE,2026-09-16 13:00,TRUE,2026-09-16 14:10,FALSE,FALSE
88,36,TRUE,2026-09-05 08:00,FALSE,,FALSE,TRUE
88,24,TRUE,2026-09-11 16:00,FALSE,,FALSE,FALSE
88,16,TRUE,2026-09-03 16:00,FALSE,,FALSE,TRUE
88,29,TRUE,2026-09-03 12:00,TRUE,2026-09-03 13:33,FALSE,FALSE
88,39,TRUE,2026-09-06 18:00,TRUE,2026-09-06 18:29,FALSE,FALSE
89,31,TRUE,2026-09-06 10:00,TRUE,2026-09-06 10:33,FALSE,FALSE
89,14,TRUE,2026-09-05 14:00,TRUE,2026-09-05 15:45,TRUE,FALSE
89,25,TRUE,2026-09-06 17:00,TRUE,2026-09-06 18:07,FALSE,FALSE
89,32,TRUE,2026-09-06 16:00,FALSE,,FALSE,FALSE
89,29,TRUE,2026-09-14 14:00,FALSE,,TRUE,FALSE
89,6,TRUE,2026-09-10 17:00,TRUE,2026-09-10 17:56,FALSE,FALSE
89,43,FALSE,,FALSE,,FALSE,FALSE
89,20,TRUE,2026-09-08 17:00,TRUE,2026-09-08 17:11,TRUE,FALSE
89,9,TRUE,2026-09-14 11:00,TRUE,2026-09-14 11:58,FALSE,FALSE
89,22,TRUE,2026-09-14 15:00,TRUE,2026-09-14 15:40,TRUE,FALSE
89,12,TRUE,2026-09-16 11:00,FALSE,,TRUE,TRUE
89,39,TRUE,2026-09-07 09:00,TRUE,2026-09-07 09:14,FALSE,TRUE
89,44,TRUE,2026-09-02 09:00,TRUE,2026-09-02 10:15,TRUE,TRUE
89,40,FALSE,,FALSE,,TRUE,FALSE
89,54,TRUE,2026-09-04 15:00,TRUE,2026-09-04 16:32,TRUE,TRUE
89,46,TRUE,2026-09-08 08:00,TRUE,2026-09-08 09:51,FALSE,FALSE
89,26,TRUE,2026-09-13 13:00,FALSE,,FALSE,TRUE
89,10,TRUE,2026-09-16 16:00,TRUE,2026-09-16 16:10,FALSE,TRUE
89,28,TRUE,2026-09-16 16:00,TRUE,2026-09-16 16:27,FALSE,TRUE
89,34,TRUE,2026-09-02 14:00,TRUE,2026-09-02 14:26,FALSE,FALSE
90,39,TRUE,2026-09-06 13:00,FALSE,,FALSE,FALSE
90,12,TRUE,2026-09-02 09:00,TRUE,2026-09-02 09:30,FALSE,FALSE
90,23,TRUE,2026-09-03 15:00,FALSE,,FALSE,FALSE
90,24,TRUE,2026-09-07 12:00,TRUE,2026-09-07 13:59,FALSE,TRUE
90,35,TRUE,2026-09-09 18:00,TRUE,2026-09-09 18:25,FALSE,FALSE
90,52,FALSE,,FALSE,,TRUE,FALSE
90,21,TRUE,2026-09-06 08:00,FALSE,,FALSE,FALSE
90,18,FALSE,,FALSE,,FALSE,TRUE
90,5,TRUE,2026-09-06 09:00,TRUE,2026-09-06 10:15,FALSE,FALSE
90,45,TRUE,2026-09-14 14:00,TRUE,2026-09-14 15:39,TRUE,FALSE
90,41,TRUE,2026-09-03 08:00,FALSE,,FALSE,FALSE
90,30,TRUE,2026-09-02 18:00,TRUE,2026-09-02 18:59,TRUE,FALSE
90,47,TRUE,2026-09-06 12:00,TRUE,2026-09-06 13:42,FALSE,FALSE
90,51,TRUE,2026-09-04 11:00,FALSE,,FALSE,FALSE
90,37,TRUE,2026-09-12 14:00,FALSE,,FALSE,TRUE
90,7,TRUE,2026-09-10 17:00,FALSE,,TRUE,FALSE
90,34,TRUE,2026-09-05 09:00,FALSE,,FALSE,TRUE
90,36,TRUE,2026-09-08 08:00,TRUE,2026-09-08 08:16,TRUE,FALSE
90,8,TRUE,2026-09-13 18:00,TRUE,2026-09-13 18:33,FALSE,FALSE
90,16,TRUE,2026-09-12 08:00,FALSE,,FALSE,FALSE
90,46,TRUE,2026-09-08 11:00,FALSE,,FALSE,FALSE
90,44,FALSE,,FALSE,,FALSE,FALSE
91,22,TRUE,2026-09-11 18:00,FALSE,,TRUE,FALSE
91,43,TRUE,2026-09-03 09:00,FALSE,,TRUE,FALSE
91,11,TRUE,2026-09-09 11:00,FALSE,,FALSE,FALSE
91,32,TRUE,2026-09-08 16:00,FALSE,,FALSE,TRUE
91,16,TRUE,2026-09-15 16:00,FALSE,,TRUE,TRUE
91,21,TRUE,2026-09-13 09:00,FALSE,,TRUE,FALSE
91,36,TRUE,2026-09-16 16:00,FALSE,,FALSE,FALSE
91,28,TRUE,2026-09-04 12:00,FALSE,,FALSE,FALSE
91,26,TRUE,2026-09-13 11:00,FALSE,,FALSE,FALSE
91,24,TRUE,2026-09-15 16:00,FALSE,,TRUE,FALSE
91,12,TRUE,2026-09-08 16:00,FALSE,,FALSE,FALSE
91,52,TRUE,2026-09-04 08:00,FALSE,,FALSE,FALSE
91,5,TRUE,2026-09-16 16:00,FALSE,,FALSE,FALSE
91,40,TRUE,2026-09-06 11:00,FALSE,,FALSE,FALSE
91,13,TRUE,2026-09-05 08:00,FALSE,,FALSE,FALSE
91,46,TRUE,2026-09-16 12:00,FALSE,,TRUE,FALSE
91,47,TRUE,2026-09-12 11:00,FALSE,,TRUE,FALSE
91,38,TRUE,2026-09-12 13:00,FALSE,,FALSE,TRUE
91,37,TRUE,2026-09-13 16:00,FALSE,,FALSE,FALSE
91,44,TRUE,2026-09-06 13:00,FALSE,,TRUE,FALSE
91,25,FALSE,,FALSE,,FALSE,FALSE
91,41,TRUE,2026-09-06 08:00,FALSE,,FALSE,TRUE
91,53,TRUE,2026-09-14 17:00,FALSE,,FALSE,FALSE
91,23,TRUE,2026-09-12 12:00,FALSE,,TRUE,FALSE
91,17,TRUE,2026-09-15 15:00,FALSE,,FALSE,FALSE
91,7,TRUE,2026-09-14 14:00,FALSE,,FALSE,FALSE
91,8,TRUE,2026-09-07 10:00,FALSE,,TRUE,FALSE
91,9,TRUE,2026-09-04 10:00,FALSE,,FALSE,FALSE
91,34,TRUE,2026-09-12 12:00,FALSE,,FALSE,FALSE
91,45,TRUE,2026-09-08 18:00,FALSE,,FALSE,FALSE
92,32,TRUE,2026-09-14 09:00,FALSE,,TRUE,FALSE
92,20,TRUE,2026-09-02 09:00,TRUE,2026-09-02 10:49,FALSE,FALSE
92,34,TRUE,2026-09-09 17:00,TRUE,2026-09-09 18:49,FALSE,FALSE
92,46,TRUE,2026-09-02 16:00,TRUE,2026-09-02 17:25,FALSE,FALSE
92,30,FALSE,,FALSE,,FALSE,FALSE
92,11,TRUE,2026-09-08 10:00,FALSE,,FALSE,FALSE
92,38,TRUE,2026-09-07 18:00,FALSE,,TRUE,FALSE
92,13,TRUE,2026-09-13 09:00,TRUE,2026-09-13 09:19,FALSE,TRUE
92,5,TRUE,2026-09-03 17:00,FALSE,,FALSE,TRUE
92,43,FALSE,,FALSE,,FALSE,FALSE
92,49,TRUE,2026-09-07 17:00,FALSE,,FALSE,TRUE
92,29,TRUE,2026-09-11 12:00,FALSE,,FALSE,TRUE
92,45,TRUE,2026-09-16 12:00,TRUE,2026-09-16 13:36,FALSE,TRUE
92,6,TRUE,2026-09-04 18:00,FALSE,,FALSE,FALSE
92,12,TRUE,2026-09-09 09:00,FALSE,,FALSE,FALSE
92,51,TRUE,2026-09-07 10:00,FALSE,,FALSE,FALSE
92,7,TRUE,2026-09-13 14:00,TRUE,2026-09-13 15:26,FALSE,TRUE
95,29,FALSE,,FALSE,,FALSE,TRUE
95,31,TRUE,2026-09-02 13:00,TRUE,2026-09-02 14:53,TRUE,TRUE
95,40,TRUE,2026-09-04 16:00,TRUE,2026-09-04 16:58,FALSE,TRUE
95,36,FALSE,,FALSE,,FALSE,TRUE
95,39,TRUE,2026-09-08 08:00,TRUE,2026-09-08 08:59,FALSE,FALSE
95,50,TRUE,2026-09-03 15:00,TRUE,2026-09-03 16:56,FALSE,FALSE
95,51,TRUE,2026-09-05 09:00,FALSE,,TRUE,FALSE
95,49,TRUE,2026-09-09 10:00,TRUE,2026-09-09 11:34,TRUE,FALSE
95,47,TRUE,2026-09-09 18:00,TRUE,2026-09-09 18:41,FALSE,FALSE
95,19,TRUE,2026-09-11 10:00,TRUE,2026-09-11 10:06,FALSE,FALSE
95,54,TRUE,2026-09-09 16:00,TRUE,2026-09-09 16:38,TRUE,FALSE
95,10,TRUE,2026-09-08 10:00,FALSE,,FALSE,FALSE
95,42,TRUE,2026-09-13 11:00,TRUE,2026-09-13 11:12,FALSE,FALSE
95,53,TRUE,2026-09-10 17:00,TRUE,2026-09-10 18:49,FALSE,FALSE
95,38,TRUE,2026-09-08 14:00,FALSE,,TRUE,FALSE
95,45,TRUE,2026-09-03 09:00,FALSE,,FALSE,TRUE
95,43,FALSE,,FALSE,,FALSE,FALSE
95,20,FALSE,,FALSE,,FALSE,TRUE
95,28,TRUE,2026-09-10 11:00,TRUE,2026-09-10 11:09,FALSE,FALSE
95,5,TRUE,2026-09-02 17:00,TRUE,2026-09-02 18:06,FALSE,FALSE
95,11,TRUE,2026-09-02 13:00,TRUE,2026-09-02 13:55,FALSE,FALSE
95,32,TRUE,2026-09-07 10:00,TRUE,2026-09-07 10:17,FALSE,TRUE
96,37,TRUE,2026-09-10 16:00,TRUE,2026-09-10 17:22,FALSE,TRUE
96,14,TRUE,2026-09-14 10:00,FALSE,,FALSE,TRUE
96,6,TRUE,2026-09-16 18:00,TRUE,2026-09-16 18:31,TRUE,FALSE
96,42,TRUE,2026-09-11 18:00,TRUE,2026-09-11 18:17,TRUE,FALSE
96,29,TRUE,2026-09-10 09:00,TRUE,2026-09-10 10:03,FALSE,TRUE
96,35,TRUE,2026-09-06 17:00,TRUE,2026-09-06 17:16,FALSE,FALSE
96,51,TRUE,2026-09-09 12:00,TRUE,2026-09-09 13:01,FALSE,FALSE
96,7,TRUE,2026-09-11 15:00,FALSE,,TRUE,FALSE
96,23,TRUE,2026-09-16 18:00,FALSE,,FALSE,TRUE
96,15,TRUE,2026-09-07 09:00,TRUE,2026-09-07 10:09,FALSE,TRUE
96,53,TRUE,2026-09-02 17:00,TRUE,2026-09-02 17:12,FALSE,FALSE
96,34,TRUE,2026-09-02 10:00,TRUE,2026-09-02 10:42,FALSE,FALSE
96,10,TRUE,2026-09-05 14:00,TRUE,2026-09-05 15:30,FALSE,FALSE
96,48,TRUE,2026-09-16 15:00,FALSE,,FALSE,FALSE
96,19,TRUE,2026-09-08 14:00,FALSE,,FALSE,FALSE
96,18,TRUE,2026-09-09 11:00,TRUE,2026-09-09 12:05,FALSE,FALSE
96,44,TRUE,2026-09-09 10:00,TRUE,2026-09-09 10:45,FALSE,TRUE
96,45,TRUE,2026-09-02 13:00,TRUE,2026-09-02 14:05,FALSE,FALSE
97,53,TRUE,2026-09-10 11:00,TRUE,2026-09-10 11:38,FALSE,FALSE
97,48,TRUE,2026-09-08 13:00,TRUE,2026-09-08 13:43,FALSE,FALSE
97,32,TRUE,2026-09-09 16:00,TRUE,2026-09-09 16:25,TRUE,FALSE
97,22,TRUE,2026-09-11 14:00,TRUE,2026-09-11 15:16,FALSE,FALSE
97,21,FALSE,,FALSE,,FALSE,FALSE
97,45,TRUE,2026-09-15 13:00,FALSE,,TRUE,TRUE
97,16,TRUE,2026-09-07 09:00,TRUE,2026-09-07 10:31,FALSE,FALSE
97,10,FALSE,,FALSE,,FALSE,TRUE
97,14,TRUE,2026-09-09 18:00,TRUE,2026-09-09 18:17,FALSE,FALSE
97,9,TRUE,2026-09-13 16:00,TRUE,2026-09-13 17:21,FALSE,FALSE
97,51,TRUE,2026-09-12 17:00,TRUE,2026-09-12 17:52,TRUE,FALSE
97,30,TRUE,2026-09-10 09:00,TRUE,2026-09-10 10:28,TRUE,FALSE
97,47,TRUE,2026-09-15 16:00,TRUE,2026-09-15 17:42,FALSE,TRUE
97,24,TRUE,2026-09-07 10:00,TRUE,2026-09-07 10:25,FALSE,FALSE
97,33,TRUE,2026-09-13 18:00,TRUE,2026-09-13 18:41,FALSE,TRUE
98,10,TRUE,2026-09-09 16:00,TRUE,2026-09-09 16:30,TRUE,TRUE
98,11,TRUE,2026-09-14 15:00,TRUE,2026-09-14 16:50,FALSE,TRUE
98,54,TRUE,2026-09-07 11:00,TRUE,2026-09-07 11:39,TRUE,FALSE
98,46,TRUE,2026-09-14 14:00,TRUE,2026-09-14 14:05,TRUE,FALSE
98,6,FALSE,,FALSE,,FALSE,FALSE
98,44,TRUE,2026-09-15 17:00,FALSE,,FALSE,FALSE
98,31,TRUE,2026-09-10 14:00,FALSE,,FALSE,TRUE
98,53,TRUE,2026-09-11 14:00,FALSE,,FALSE,TRUE
98,36,TRUE,2026-09-16 13:00,TRUE,2026-09-16 14:00,FALSE,FALSE
98,49,TRUE,2026-09-03 18:00,TRUE,2026-09-03 18:55,TRUE,FALSE
98,39,TRUE,2026-09-10 10:00,TRUE,2026-09-10 10:31,FALSE,FALSE
98,47,FALSE,,FALSE,,FALSE,FALSE
98,33,TRUE,2026-09-10 09:00,TRUE,2026-09-10 09:08,FALSE,FALSE
98,37,TRUE,2026-09-12 13:00,FALSE,,FALSE,FALSE
98,7,TRUE,2026-09-15 11:00,TRUE,2026-09-15 12:48,FALSE,TRUE
98,23,TRUE,2026-09-06 09:00,TRUE,2026-09-06 10:25,FALSE,TRUE
98,48,TRUE,2026-09-03 15:00,TRUE,2026-09-03 15:20,FALSE,FALSE
98,18,TRUE,2026-09-03 09:00,TRUE,2026-09-03 09:51,TRUE,FALSE
99,36,TRUE,2026-09-07 13:00,FALSE,,FALSE,FALSE
99,6,TRUE,2026-09-04 16:00,FALSE,,FALSE,TRUE
99,31,TRUE,2026-09-02 16:00,FALSE,,FALSE,FALSE
99,9,TRUE,2026-09-15 13:00,FALSE,,FALSE,FALSE
99,54,TRUE,2026-09-05 09:00,FALSE,,FALSE,TRUE
99,45,TRUE,2026-09-09 11:00,FALSE,,TRUE,FALSE
99,51,TRUE,2026-09-06 15:00,FALSE,,FALSE,FALSE
99,18,TRUE,2026-09-08 11:00,FALSE,,FALSE,FALSE
99,52,TRUE,2026-09-13 12:00,FALSE,,TRUE,FALSE
99,29,TRUE,2026-09-11 12:00,FALSE,,FALSE,FALSE
99,25,TRUE,2026-09-08 15:00,FALSE,,FALSE,FALSE
99,33,TRUE,2026-09-11 09:00,FALSE,,FALSE,FALSE
99,15,TRUE,2026-09-07 18:00,FALSE,,TRUE,FALSE
99,16,TRUE,2026-09-10 12:00,FALSE,,FALSE,FALSE
99,24,TRUE,2026-09-12 16:00,FALSE,,FALSE,FALSE
99,5,TRUE,2026-09-07 14:00,FALSE,,FALSE,FALSE
99,41,FALSE,,FALSE,,FALSE,FALSE
99,7,TRUE,2026-09-03 08:00,FALSE,,FALSE,FALSE
102,18,TRUE,2026-09-09 08:00,TRUE,2026-09-09 08:58,FALSE,FALSE
102,34,TRUE,2026-09-11 14:00,FALSE,,FALSE,FALSE
102,41,TRUE,2026-09-11 08:00,TRUE,2026-09-11 08:41,FALSE,TRUE
102,25,FALSE,,FALSE,,FALSE,FALSE
102,19,TRUE,2026-09-02 09:00,TRUE,2026-09-02 10:51,TRUE,FALSE
102,40,TRUE,2026-09-14 13:00,TRUE,2026-09-14 14:16,FALSE,FALSE
102,9,FALSE,,FALSE,,FALSE,TRUE
102,29,TRUE,2026-09-12 09:00,TRUE,2026-09-12 10:24,FALSE,FALSE
102,23,TRUE,2026-09-04 09:00,TRUE,2026-09-04 10:55,FALSE,FALSE
102,43,TRUE,2026-09-05 13:00,TRUE,2026-09-05 14:13,TRUE,TRUE
102,54,TRUE,2026-09-06 08:00,FALSE,,TRUE,FALSE
102,38,TRUE,2026-09-11 14:00,FALSE,,FALSE,FALSE
102,44,TRUE,2026-09-04 13:00,TRUE,2026-09-04 14:41,FALSE,TRUE
102,11,TRUE,2026-09-12 15:00,TRUE,2026-09-12 16:11,FALSE,FALSE
102,49,TRUE,2026-09-06 13:00,TRUE,2026-09-06 14:06,FALSE,FALSE
102,22,TRUE,2026-09-03 13:00,TRUE,2026-09-03 14:56,FALSE,FALSE
102,48,TRUE,2026-09-13 09:00,FALSE,,FALSE,FALSE
102,31,TRUE,2026-09-09 14:00,FALSE,,FALSE,FALSE
102,32,TRUE,2026-09-10 16:00,TRUE,2026-09-10 17:42,TRUE,FALSE
102,15,TRUE,2026-09-15 16:00,FALSE,,FALSE,TRUE
102,37,TRUE,2026-09-09 17:00,TRUE,2026-09-09 18:44,FALSE,FALSE
102,35,TRUE,2026-09-12 12:00,TRUE,2026-09-12 13:18,FALSE,FALSE
102,52,TRUE,2026-09-13 09:00,FALSE,,TRUE,FALSE
102,36,FALSE,,FALSE,,FALSE,FALSE
102,6,TRUE,2026-09-16 16:00,FALSE,,FALSE,FALSE
105,37,TRUE,2026-09-11 12:00,FALSE,,FALSE,FALSE
105,26,TRUE,2026-09-13 14:00,TRUE,2026-09-13 14:17,FALSE,TRUE
105,8,TRUE,2026-09-09 11:00,FALSE,,FALSE,FALSE
105,33,TRUE,2026-09-06 08:00,FALSE,,FALSE,FALSE
105,22,TRUE,2026-09-06 11:00,FALSE,,FALSE,FALSE
105,28,TRUE,2026-09-09 10:00,TRUE,2026-09-09 11:30,FALSE,FALSE
105,11,TRUE,2026-09-06 09:00,FALSE,,FALSE,FALSE
105,52,TRUE,2026-09-09 17:00,FALSE,,TRUE,FALSE
105,46,FALSE,,FALSE,,FALSE,FALSE
105,29,TRUE,2026-09-05 16:00,TRUE,2026-09-05 17:41,FALSE,FALSE
105,32,TRUE,2026-09-13 13:00,TRUE,2026-09-13 14:39,FALSE,FALSE
105,17,TRUE,2026-09-06 13:00,TRUE,2026-09-06 14:50,FALSE,FALSE
105,23,TRUE,2026-09-14 18:00,TRUE,2026-09-14 20:00,TRUE,FALSE
105,43,TRUE,2026-09-10 18:00,FALSE,,TRUE,TRUE
105,30,TRUE,2026-09-04 13:00,TRUE,2026-09-04 13:36,FALSE,FALSE
105,16,TRUE,2026-09-05 09:00,FALSE,,TRUE,FALSE
105,50,TRUE,2026-09-16 18:00,TRUE,2026-09-16 20:00,TRUE,TRUE
105,36,TRUE,2026-09-04 12:00,TRUE,2026-09-04 12:49,TRUE,FALSE
105,44,TRUE,2026-09-06 12:00,FALSE,,FALSE,FALSE
105,47,TRUE,2026-09-03 14:00,TRUE,2026-09-03 15:17,TRUE,TRUE
105,53,TRUE,2026-09-02 15:00,TRUE,2026-09-02 15:23,FALSE,FALSE
105,6,TRUE,2026-09-11 16:00,TRUE,2026-09-11 16:43,FALSE,FALSE
105,25,TRUE,2026-09-09 08:00,FALSE,,TRUE,FALSE
105,12,TRUE,2026-09-02 14:00,TRUE,2026-09-02 15:51,FALSE,FALSE
105,35,TRUE,2026-09-06 16:00,TRUE,2026-09-06 17:43,FALSE,TRUE
105,31,TRUE,2026-09-04 11:00,TRUE,2026-09-04 11:15,FALSE,FALSE
105,40,TRUE,2026-09-05 18:00,TRUE,2026-09-05 18:59,FALSE,TRUE
105,51,TRUE,2026-09-16 12:00,TRUE,2026-09-16 12:27,FALSE,FALSE
107,42,TRUE,2026-09-12 13:00,FALSE,,FALSE,FALSE
107,13,TRUE,2026-09-08 15:00,FALSE,,FALSE,FALSE
107,48,TRUE,2026-09-08 09:00,FALSE,,FALSE,FALSE
107,17,TRUE,2026-09-05 17:00,FALSE,,FALSE,FALSE
107,21,TRUE,2026-09-11 12:00,FALSE,,FALSE,TRUE
107,53,TRUE,2026-09-12 08:00,FALSE,,FALSE,TRUE
107,31,TRUE,2026-09-15 08:00,FALSE,,FALSE,FALSE
107,40,TRUE,2026-09-03 13:00,FALSE,,FALSE,TRUE
107,51,TRUE,2026-09-13 13:00,FALSE,,TRUE,FALSE
107,24,TRUE,2026-09-10 08:00,FALSE,,FALSE,FALSE
107,45,TRUE,2026-09-09 10:00,FALSE,,FALSE,FALSE
107,10,TRUE,2026-09-06 18:00,FALSE,,FALSE,TRUE
107,44,FALSE,,FALSE,,FALSE,FALSE
107,41,TRUE,2026-09-02 10:00,FALSE,,FALSE,FALSE
107,34,FALSE,,FALSE,,FALSE,FALSE
107,39,TRUE,2026-09-09 14:00,FALSE,,FALSE,FALSE
107,16,TRUE,2026-09-04 11:00,FALSE,,TRUE,FALSE
107,29,TRUE,2026-09-12 15:00,FALSE,,TRUE,FALSE
107,32,TRUE,2026-09-12 08:00,FALSE,,FALSE,TRUE
107,8,TRUE,2026-09-04 16:00,FALSE,,FALSE,FALSE
107,9,TRUE,2026-09-06 12:00,FALSE,,FALSE,TRUE
107,50,TRUE,2026-09-12 12:00,FALSE,,FALSE,FALSE
107,19,TRUE,2026-09-08 14:00,FALSE,,FALSE,FALSE
107,27,TRUE,2026-09-08 08:00,FALSE,,FALSE,FALSE
107,15,TRUE,2026-09-12 17:00,FALSE,,FALSE,TRUE
109,13,TRUE,2026-09-14 18:00,FALSE,,FALSE,FALSE
109,34,TRUE,2026-09-12 15:00,FALSE,,FALSE,FALSE
109,51,TRUE,2026-09-11 16:00,FALSE,,FALSE,FALSE
109,53,TRUE,2026-09-07 17:00,FALSE,,TRUE,FALSE
109,22,TRUE,2026-09-08 09:00,FALSE,,FALSE,TRUE
109,5,TRUE,2026-09-03 18:00,FALSE,,FALSE,TRUE
109,15,TRUE,2026-09-14 11:00,FALSE,,TRUE,TRUE
109,27,TRUE,2026-09-05 09:00,FALSE,,TRUE,FALSE
109,37,TRUE,2026-09-14 14:00,FALSE,,TRUE,FALSE
109,46,TRUE,2026-09-02 09:00,FALSE,,FALSE,FALSE
109,18,TRUE,2026-09-02 10:00,FALSE,,FALSE,FALSE
109,47,TRUE,2026-09-12 17:00,FALSE,,FALSE,FALSE
109,38,TRUE,2026-09-12 12:00,FALSE,,FALSE,FALSE
109,29,TRUE,2026-09-10 11:00,FALSE,,FALSE,FALSE
109,45,TRUE,2026-09-03 11:00,FALSE,,FALSE,FALSE
109,9,FALSE,,FALSE,,FALSE,FALSE
109,16,TRUE,2026-09-07 10:00,FALSE,,FALSE,TRUE
109,14,TRUE,2026-09-10 15:00,FALSE,,FALSE,FALSE
109,43,TRUE,2026-09-10 13:00,FALSE,,FALSE,TRUE
109,25,TRUE,2026-09-14 09:00,FALSE,,FALSE,FALSE
109,28,TRUE,2026-09-11 09:00,FALSE,,FALSE,FALSE
109,23,TRUE,2026-09-09 11:00,FALSE,,FALSE,FALSE
109,48,FALSE,,FALSE,,TRUE,FALSE
109,19,TRUE,2026-09-08 13:00,FALSE,,FALSE,TRUE
109,36,TRUE,2026-09-03 16:00,FALSE,,FALSE,TRUE
109,39,TRUE,2026-09-10 12:00,FALSE,,FALSE,FALSE
112,42,TRUE,2026-09-14 17:00,FALSE,,TRUE,FALSE
112,35,TRUE,2026-09-02 13:00,FALSE,,TRUE,TRUE
112,21,TRUE,2026-09-11 09:00,FALSE,,TRUE,FALSE
112,46,TRUE,2026-09-13 08:00,FALSE,,FALSE,FALSE
112,6,TRUE,2026-09-07 14:00,FALSE,,FALSE,TRUE
112,7,TRUE,2026-09-05 08:00,FALSE,,TRUE,FALSE
112,26,TRUE,2026-09-05 16:00,FALSE,,FALSE,FALSE
112,31,TRUE,2026-09-02 16:00,FALSE,,FALSE,FALSE
112,52,TRUE,2026-09-04 14:00,FALSE,,FALSE,FALSE
112,17,TRUE,2026-09-03 17:00,FALSE,,TRUE,FALSE
112,48,TRUE,2026-09-08 08:00,FALSE,,FALSE,FALSE
112,8,FALSE,,FALSE,,FALSE,TRUE
112,13,TRUE,2026-09-10 17:00,FALSE,,FALSE,TRUE
112,18,TRUE,2026-09-05 08:00,FALSE,,FALSE,FALSE
112,40,TRUE,2026-09-02 13:00,FALSE,,FALSE,FALSE
112,44,TRUE,2026-09-06 10:00,FALSE,,FALSE,FALSE
112,43,TRUE,2026-09-03 09:00,FALSE,,FALSE,FALSE
112,20,TRUE,2026-09-13 13:00,FALSE,,TRUE,TRUE
114,50,TRUE,2026-09-13 10:00,FALSE,,FALSE,FALSE
114,24,TRUE,2026-09-14 15:00,FALSE,,TRUE,FALSE
114,28,TRUE,2026-09-06 12:00,FALSE,,FALSE,FALSE
114,40,TRUE,2026-09-02 12:00,FALSE,,TRUE,FALSE
114,23,FALSE,,FALSE,,FALSE,FALSE
114,46,TRUE,2026-09-08 10:00,FALSE,,FALSE,FALSE
114,20,TRUE,2026-09-02 16:00,FALSE,,FALSE,TRUE
114,38,TRUE,2026-09-14 13:00,FALSE,,TRUE,TRUE
114,22,TRUE,2026-09-11 11:00,FALSE,,FALSE,FALSE
114,25,TRUE,2026-09-08 14:00,FALSE,,FALSE,TRUE
114,39,TRUE,2026-09-14 09:00,FALSE,,FALSE,TRUE
114,37,TRUE,2026-09-06 16:00,FALSE,,FALSE,FALSE
114,11,TRUE,2026-09-10 12:00,FALSE,,FALSE,FALSE
114,8,TRUE,2026-09-16 11:00,FALSE,,FALSE,FALSE
114,27,TRUE,2026-09-06 09:00,FALSE,,TRUE,TRUE
114,31,TRUE,2026-09-11 14:00,FALSE,,FALSE,FALSE
114,36,TRUE,2026-09-06 18:00,FALSE,,TRUE,FALSE
114,49,TRUE,2026-09-11 18:00,FALSE,,FALSE,FALSE
114,10,TRUE,2026-09-09 08:00,FALSE,,FALSE,FALSE
114,42,TRUE,2026-09-09 18:00,FALSE,,TRUE,FALSE
114,34,FALSE,,FALSE,,TRUE,FALSE
114,9,TRUE,2026-09-07 09:00,FALSE,,FALSE,FALSE
114,44,TRUE,2026-09-06 15:00,FALSE,,FALSE,FALSE
114,21,TRUE,2026-09-11 18:00,FALSE,,FALSE,FALSE
114,12,FALSE,,FALSE,,FALSE,TRUE
114,14,TRUE,2026-09-02 16:00,FALSE,,FALSE,FALSE
114,52,TRUE,2026-09-06 12:00,FALSE,,FALSE,TRUE
114,43,TRUE,2026-09-10 08:00,FALSE,,FALSE,FALSE
114,35,FALSE,,FALSE,,FALSE,FALSE
116,18,TRUE,2026-09-06 10:00,TRUE,2026-09-06 10:08,FALSE,FALSE
116,25,TRUE,2026-09-13 16:00,TRUE,2026-09-13 17:36,FALSE,FALSE
116,41,TRUE,2026-09-02 18:00,TRUE,2026-09-02 18:53,FALSE,FALSE
116,28,TRUE,2026-09-16 11:00,TRUE,2026-09-16 12:18,FALSE,FALSE
116,48,TRUE,2026-09-03 16:00,TRUE,2026-09-03 17:22,FALSE,FALSE
116,31,TRUE,2026-09-06 11:00,TRUE,2026-09-06 11:42,TRUE,FALSE
116,9,TRUE,2026-09-07 11:00,TRUE,2026-09-07 12:40,TRUE,FALSE
116,46,TRUE,2026-09-16 14:00,TRUE,2026-09-16 14:50,FALSE,FALSE
116,32,TRUE,2026-09-09 17:00,FALSE,,FALSE,FALSE
116,23,TRUE,2026-09-04 16:00,FALSE,,TRUE,FALSE
116,14,TRUE,2026-09-11 12:00,TRUE,2026-09-11 12:48,FALSE,FALSE
116,6,TRUE,2026-09-04 17:00,TRUE,2026-09-04 18:57,FALSE,TRUE
116,53,TRUE,2026-09-02 10:00,FALSE,,FALSE,FALSE
116,51,TRUE,2026-09-13 09:00,FALSE,,FALSE,FALSE
116,26,TRUE,2026-09-03 10:00,TRUE,2026-09-03 11:12,TRUE,TRUE
116,49,TRUE,2026-09-08 16:00,FALSE,,FALSE,FALSE
116,52,TRUE,2026-09-07 17:00,TRUE,2026-09-07 17:18,TRUE,FALSE
116,35,TRUE,2026-09-07 15:00,TRUE,2026-09-07 16:25,FALSE,TRUE
116,45,TRUE,2026-09-09 10:00,TRUE,2026-09-09 11:37,FALSE,TRUE
116,24,TRUE,2026-09-03 10:00,TRUE,2026-09-03 11:20,FALSE,FALSE
116,5,TRUE,2026-09-07 15:00,FALSE,,FALSE,FALSE
116,10,TRUE,2026-09-05 12:00,TRUE,2026-09-05 12:11,FALSE,TRUE
119,23,TRUE,2026-09-12 12:00,FALSE,,FALSE,TRUE
119,25,TRUE,2026-09-02 17:00,TRUE,2026-09-02 18:59,FALSE,TRUE
119,29,FALSE,,FALSE,,TRUE,FALSE
119,53,TRUE,2026-09-11 14:00,TRUE,2026-09-11 15:11,FALSE,FALSE
119,16,TRUE,2026-09-13 09:00,TRUE,2026-09-13 10:00,FALSE,FALSE
119,14,TRUE,2026-09-06 18:00,FALSE,,FALSE,FALSE
119,7,TRUE,2026-09-13 09:00,FALSE,,FALSE,FALSE
119,18,TRUE,2026-09-10 18:00,TRUE,2026-09-10 19:35,FALSE,TRUE
119,32,FALSE,,FALSE,,FALSE,FALSE
119,38,TRUE,2026-09-05 16:00,TRUE,2026-09-05 17:57,FALSE,TRUE
119,22,TRUE,2026-09-05 10:00,TRUE,2026-09-05 11:56,TRUE,FALSE
119,41,TRUE,2026-09-04 15:00,TRUE,2026-09-04 16:38,FALSE,FALSE
119,51,TRUE,2026-09-03 16:00,TRUE,2026-09-03 17:40,FALSE,FALSE
119,11,TRUE,2026-09-11 11:00,TRUE,2026-09-11 11:09,FALSE,FALSE
119,27,TRUE,2026-09-11 11:00,TRUE,2026-09-11 12:06,FALSE,TRUE
119,54,TRUE,2026-09-15 11:00,TRUE,2026-09-15 12:30,FALSE,TRUE
119,15,TRUE,2026-09-07 16:00,TRUE,2026-09-07 16:17,FALSE,TRUE
119,12,TRUE,2026-09-14 12:00,TRUE,2026-09-14 13:02,FALSE,FALSE
119,39,TRUE,2026-09-09 13:00,TRUE,2026-09-09 13:49,FALSE,FALSE
119,13,TRUE,2026-09-09 15:00,TRUE,2026-09-09 16:32,FALSE,FALSE
119,20,TRUE,2026-09-16 14:00,FALSE,,FALSE,FALSE
119,19,TRUE,2026-09-08 15:00,TRUE,2026-09-08 15:38,TRUE,FALSE
119,37,TRUE,2026-09-07 18:00,TRUE,2026-09-07 18:44,FALSE,FALSE
119,10,TRUE,2026-09-10 11:00,TRUE,2026-09-10 11:19,TRUE,FALSE
119,49,TRUE,2026-09-11 16:00,FALSE,,FALSE,TRUE
119,35,FALSE,,FALSE,,FALSE,TRUE
119,24,TRUE,2026-09-10 09:00,TRUE,2026-09-10 10:11,FALSE,FALSE
119,8,TRUE,2026-09-15 16:00,TRUE,2026-09-15 17:36,FALSE,TRUE
120,26,TRUE,2026-09-14 14:00,TRUE,2026-09-14 14:21,TRUE,TRUE
120,31,TRUE,2026-09-03 09:00,TRUE,2026-09-03 10:35,FALSE,FALSE
120,18,FALSE,,FALSE,,TRUE,FALSE
120,40,TRUE,2026-09-13 17:00,TRUE,2026-09-13 17:29,TRUE,TRUE
120,20,TRUE,2026-09-08 16:00,TRUE,2026-09-08 16:43,FALSE,FALSE
120,5,TRUE,2026-09-12 17:00,TRUE,2026-09-12 17:42,FALSE,FALSE
120,7,TRUE,2026-09-06 15:00,FALSE,,FALSE,FALSE
120,6,TRUE,2026-09-09 14:00,TRUE,2026-09-09 15:42,FALSE,FALSE
120,38,TRUE,2026-09-02 14:00,TRUE,2026-09-02 15:02,FALSE,FALSE
120,11,TRUE,2026-09-07 10:00,TRUE,2026-09-07 10:15,FALSE,FALSE
120,37,TRUE,2026-09-09 17:00,FALSE,,FALSE,FALSE
120,30,TRUE,2026-09-13 17:00,TRUE,2026-09-13 17:12,FALSE,FALSE
120,36,TRUE,2026-09-07 10:00,FALSE,,FALSE,FALSE
120,48,TRUE,2026-09-06 11:00,TRUE,2026-09-06 12:46,FALSE,FALSE
120,15,TRUE,2026-09-05 13:00,TRUE,2026-09-05 14:06,FALSE,TRUE
120,23,TRUE,2026-09-03 09:00,TRUE,2026-09-03 09:14,FALSE,TRUE
120,24,TRUE,2026-09-13 09:00,FALSE,,FALSE,TRUE
120,47,FALSE,,FALSE,,FALSE,FALSE
120,19,TRUE,2026-09-09 10:00,TRUE,2026-09-09 11:15,FALSE,FALSE
120,25,TRUE,2026-09-06 18:00,FALSE,,FALSE,TRUE
120,29,TRUE,2026-09-04 10:00,FALSE,,FALSE,TRUE
120,27,TRUE,2026-09-07 16:00,TRUE,2026-09-07 17:05,FALSE,TRUE
120,12,TRUE,2026-09-13 10:00,FALSE,,FALSE,FALSE
120,44,TRUE,2026-09-04 10:00,TRUE,2026-09-04 10:05,FALSE,FALSE
120,13,TRUE,2026-09-10 15:00,FALSE,,FALSE,FALSE
120,28,TRUE,2026-09-07 18:00,TRUE,2026-09-07 18:33,FALSE,FALSE
121,22,TRUE,2026-09-10 17:00,TRUE,2026-09-10 17:54,FALSE,TRUE
121,23,TRUE,2026-09-06 17:00,TRUE,2026-09-06 18:05,FALSE,FALSE
121,32,TRUE,2026-09-05 09:00,TRUE,2026-09-05 10:23,FALSE,FALSE
121,42,TRUE,2026-09-07 09:00,TRUE,2026-09-07 09:11,FALSE,TRUE
121,24,TRUE,2026-09-09 13:00,FALSE,,FALSE,FALSE
121,28,TRUE,2026-09-14 14:00,TRUE,2026-09-14 14:50,FALSE,FALSE
121,44,TRUE,2026-09-16 17:00,TRUE,2026-09-16 17:26,TRUE,TRUE
121,30,TRUE,2026-09-15 14:00,TRUE,2026-09-15 15:07,FALSE,FALSE
121,21,TRUE,2026-09-16 14:00,TRUE,2026-09-16 14:27,FALSE,FALSE
121,40,TRUE,2026-09-12 13:00,TRUE,2026-09-12 13:32,FALSE,TRUE
121,39,TRUE,2026-09-05 14:00,TRUE,2026-09-05 15:40,TRUE,FALSE
121,17,TRUE,2026-09-05 08:00,TRUE,2026-09-05 08:47,FALSE,FALSE
121,9,TRUE,2026-09-16 08:00,TRUE,2026-09-16 08:09,FALSE,FALSE
121,14,TRUE,2026-09-13 12:00,FALSE,,FALSE,FALSE
121,11,FALSE,,FALSE,,FALSE,FALSE
121,18,TRUE,2026-09-09 15:00,FALSE,,FALSE,FALSE
121,54,TRUE,2026-09-03 08:00,TRUE,2026-09-03 09:23,TRUE,FALSE
121,16,TRUE,2026-09-15 10:00,FALSE,,TRUE,FALSE
121,46,TRUE,2026-09-13 08:00,FALSE,,TRUE,FALSE
121,53,TRUE,2026-09-12 17:00,TRUE,2026-09-12 17:47,TRUE,TRUE
121,8,TRUE,2026-09-13 10:00,TRUE,2026-09-13 11:20,FALSE,FALSE
122,47,TRUE,2026-09-05 16:00,FALSE,,FALSE,FALSE
122,30,TRUE,2026-09-02 12:00,FALSE,,FALSE,FALSE
122,31,TRUE,2026-09-11 09:00,FALSE,,FALSE,FALSE
122,54,TRUE,2026-09-03 10:00,FALSE,,FALSE,FALSE
122,51,TRUE,2026-09-02 10:00,FALSE,,FALSE,FALSE
122,8,TRUE,2026-09-03 11:00,FALSE,,FALSE,FALSE
122,9,TRUE,2026-09-15 11:00,FALSE,,FALSE,FALSE
122,17,TRUE,2026-09-08 12:00,FALSE,,FALSE,FALSE
122,37,TRUE,2026-09-05 11:00,FALSE,,FALSE,FALSE
122,14,TRUE,2026-09-06 15:00,FALSE,,FALSE,FALSE
122,22,TRUE,2026-09-07 18:00,FALSE,,FALSE,TRUE
122,10,TRUE,2026-09-04 08:00,FALSE,,TRUE,FALSE
122,16,TRUE,2026-09-11 11:00,FALSE,,TRUE,FALSE
122,33,TRUE,2026-09-12 12:00,FALSE,,FALSE,FALSE
122,7,TRUE,2026-09-15 12:00,FALSE,,FALSE,TRUE
123,18,TRUE,2026-09-09 13:00,FALSE,,TRUE,FALSE
123,34,TRUE,2026-09-04 15:00,TRUE,2026-09-04 16:41,FALSE,TRUE
123,21,TRUE,2026-09-11 14:00,TRUE,2026-09-11 15:05,TRUE,FALSE
123,7,TRUE,2026-09-07 15:00,TRUE,2026-09-07 15:43,FALSE,TRUE
123,12,TRUE,2026-09-16 16:00,FALSE,,FALSE,FALSE
123,38,TRUE,2026-09-11 08:00,FALSE,,FALSE,FALSE
123,47,TRUE,2026-09-13 16:00,FALSE,,TRUE,TRUE
123,45,TRUE,2026-09-07 08:00,TRUE,2026-09-07 08:44,FALSE,FALSE
123,16,TRUE,2026-09-08 10:00,TRUE,2026-09-08 11:29,FALSE,TRUE
123,35,TRUE,2026-09-03 10:00,FALSE,,FALSE,FALSE
123,13,TRUE,2026-09-12 16:00,TRUE,2026-09-12 16:52,FALSE,FALSE
123,53,FALSE,,FALSE,,FALSE,FALSE
123,42,TRUE,2026-09-09 18:00,TRUE,2026-09-09 19:04,FALSE,TRUE
123,25,FALSE,,FALSE,,FALSE,TRUE
123,28,TRUE,2026-09-14 13:00,TRUE,2026-09-14 14:49,FALSE,TRUE
123,29,TRUE,2026-09-10 09:00,FALSE,,FALSE,TRUE
123,51,FALSE,,FALSE,,TRUE,FALSE
123,41,TRUE,2026-09-07 13:00,TRUE,2026-09-07 13:05,FALSE,TRUE
123,11,TRUE,2026-09-12 11:00,FALSE,,FALSE,FALSE
123,37,TRUE,2026-09-07 14:00,TRUE,2026-09-07 14:59,FALSE,FALSE
123,46,TRUE,2026-09-09 08:00,FALSE,,TRUE,FALSE
123,32,TRUE,2026-09-10 09:00,TRUE,2026-09-10 09:15,FALSE,FALSE
123,5,TRUE,2026-09-08 08:00,FALSE,,FALSE,FALSE
124,5,TRUE,2026-09-16 17:00,FALSE,,FALSE,FALSE
124,36,TRUE,2026-09-08 08:00,TRUE,2026-09-08 08:10,FALSE,FALSE
124,46,TRUE,2026-09-16 17:00,TRUE,2026-09-16 17:37,FALSE,FALSE
124,47,TRUE,2026-09-02 16:00,FALSE,,FALSE,FALSE
124,30,TRUE,2026-09-06 18:00,FALSE,,FALSE,FALSE
124,32,TRUE,2026-09-08 11:00,FALSE,,FALSE,FALSE
124,8,TRUE,2026-09-09 14:00,TRUE,2026-09-09 14:49,TRUE,FALSE
124,24,TRUE,2026-09-15 16:00,TRUE,2026-09-15 16:10,FALSE,FALSE
124,49,TRUE,2026-09-13 18:00,TRUE,2026-09-13 18:17,FALSE,TRUE
124,21,FALSE,,FALSE,,TRUE,FALSE
124,12,TRUE,2026-09-02 10:00,TRUE,2026-09-02 10:37,FALSE,FALSE
124,43,FALSE,,FALSE,,TRUE,TRUE
124,33,TRUE,2026-09-11 12:00,TRUE,2026-09-11 13:23,FALSE,TRUE
124,37,TRUE,2026-09-14 08:00,TRUE,2026-09-14 09:05,FALSE,TRUE
124,28,TRUE,2026-09-13 10:00,FALSE,,FALSE,FALSE
124,35,TRUE,2026-09-12 12:00,FALSE,,FALSE,FALSE
124,26,TRUE,2026-09-04 12:00,FALSE,,FALSE,TRUE
124,40,TRUE,2026-09-05 11:00,FALSE,,FALSE,FALSE
124,44,TRUE,2026-09-13 17:00,TRUE,2026-09-13 18:20,FALSE,FALSE
124,50,TRUE,2026-09-09 16:00,FALSE,,FALSE,FALSE
124,10,TRUE,2026-09-09 15:00,FALSE,,FALSE,FALSE
124,18,TRUE,2026-09-02 18:00,TRUE,2026-09-02 18:15,FALSE,FALSE
124,22,TRUE,2026-09-05 16:00,TRUE,2026-09-05 16:42,FALSE,FALSE
124,29,TRUE,2026-09-04 17:00,TRUE,2026-09-04 18:24,FALSE,FALSE
124,17,TRUE,2026-09-02 12:00,TRUE,2026-09-02 13:07,TRUE,FALSE
124,38,TRUE,2026-09-08 17:00,TRUE,2026-09-08 17:20,FALSE,FALSE
124,7,TRUE,2026-09-11 12:00,FALSE,,FALSE,TRUE
124,9,TRUE,2026-09-08 16:00,TRUE,2026-09-08 17:41,FALSE,TRUE
124,54,TRUE,2026-09-14 13:00,TRUE,2026-09-14 14:30,TRUE,TRUE
125,37,TRUE,2026-09-08 14:00,FALSE,,FALSE,FALSE
125,39,TRUE,2026-09-10 09:00,TRUE,2026-09-10 10:38,FALSE,FALSE
125,53,TRUE,2026-09-04 17:00,TRUE,2026-09-04 18:32,FALSE,FALSE
125,30,TRUE,2026-09-16 18:00,TRUE,2026-09-16 19:10,TRUE,TRUE
125,19,TRUE,2026-09-07 11:00,FALSE,,TRUE,TRUE
125,51,TRUE,2026-09-06 09:00,TRUE,2026-09-06 09:31,FALSE,FALSE
125,36,TRUE,2026-09-09 11:00,TRUE,2026-09-09 12:04,FALSE,FALSE
125,34,TRUE,2026-09-07 10:00,FALSE,,FALSE,FALSE
125,23,TRUE,2026-09-12 18:00,TRUE,2026-09-12 19:11,TRUE,TRUE
125,33,FALSE,,FALSE,,FALSE,FALSE
125,15,TRUE,2026-09-03 17:00,TRUE,2026-09-03 18:13,FALSE,FALSE
125,16,TRUE,2026-09-02 12:00,TRUE,2026-09-02 13:51,TRUE,TRUE
125,49,TRUE,2026-09-13 16:00,TRUE,2026-09-13 17:01,FALSE,FALSE
125,46,TRUE,2026-09-06 17:00,TRUE,2026-09-06 17:19,FALSE,FALSE
125,5,TRUE,2026-09-04 11:00,TRUE,2026-09-04 11:31,FALSE,FALSE
125,52,TRUE,2026-09-09 15:00,TRUE,2026-09-09 16:41,FALSE,FALSE
125,26,TRUE,2026-09-14 15:00,TRUE,2026-09-14 16:17,FALSE,FALSE
125,47,TRUE,2026-09-10 12:00,FALSE,,TRUE,FALSE
125,43,TRUE,2026-09-06 10:00,TRUE,2026-09-06 10:44,FALSE,FALSE
125,38,TRUE,2026-09-13 10:00,FALSE,,FALSE,FALSE
125,54,TRUE,2026-09-02 11:00,TRUE,2026-09-02 11:23,FALSE,FALSE
125,8,TRUE,2026-09-13 16:00,TRUE,2026-09-13 17:24,TRUE,TRUE
125,17,TRUE,2026-09-11 16:00,FALSE,,FALSE,TRUE
125,41,TRUE,2026-09-04 16:00,TRUE,2026-09-04 17:06,TRUE,FALSE
125,25,TRUE,2026-09-07 11:00,FALSE,,FALSE,FALSE
129,46,TRUE,2026-09-10 16:00,TRUE,2026-09-10 17:47,FALSE,FALSE
129,17,TRUE,2026-09-06 10:00,TRUE,2026-09-06 11:28,TRUE,FALSE
129,27,TRUE,2026-09-04 08:00,TRUE,2026-09-04 08:39,FALSE,FALSE
129,36,TRUE,2026-09-15 09:00,TRUE,2026-09-15 09:21,FALSE,FALSE
129,34,TRUE,2026-09-11 17:00,TRUE,2026-09-11 17:17,FALSE,TRUE
129,41,TRUE,2026-09-12 09:00,FALSE,,FALSE,FALSE
129,45,TRUE,2026-09-10 17:00,FALSE,,FALSE,FALSE
129,5,TRUE,2026-09-15 09:00,TRUE,2026-09-15 10:01,FALSE,FALSE
129,38,TRUE,2026-09-11 15:00,TRUE,2026-09-11 15:37,FALSE,FALSE
129,19,TRUE,2026-09-04 13:00,TRUE,2026-09-04 14:10,FALSE,FALSE
129,53,TRUE,2026-09-10 11:00,FALSE,,FALSE,FALSE
129,28,TRUE,2026-09-03 10:00,TRUE,2026-09-03 10:45,TRUE,FALSE
129,7,TRUE,2026-09-04 09:00,TRUE,2026-09-04 10:31,FALSE,TRUE
129,30,TRUE,2026-09-12 18:00,TRUE,2026-09-12 18:28,FALSE,FALSE
129,11,TRUE,2026-09-06 16:00,FALSE,,FALSE,FALSE
129,26,TRUE,2026-09-16 17:00,FALSE,,FALSE,FALSE
129,37,TRUE,2026-09-08 10:00,TRUE,2026-09-08 11:23,FALSE,FALSE
129,9,TRUE,2026-09-09 18:00,TRUE,2026-09-09 18:58,FALSE,FALSE
130,35,TRUE,2026-09-02 11:00,FALSE,,FALSE,FALSE
130,24,TRUE,2026-09-07 14:00,TRUE,2026-09-07 14:46,FALSE,FALSE
130,28,TRUE,2026-09-11 16:00,TRUE,2026-09-11 16:40,FALSE,FALSE
130,14,TRUE,2026-09-09 17:00,TRUE,2026-09-09 17:10,FALSE,FALSE
130,53,TRUE,2026-09-13 15:00,FALSE,,TRUE,FALSE
130,26,FALSE,,FALSE,,FALSE,FALSE
130,27,TRUE,2026-09-09 12:00,FALSE,,FALSE,FALSE
130,25,TRUE,2026-09-14 14:00,TRUE,2026-09-14 15:56,FALSE,FALSE
130,33,TRUE,2026-09-03 15:00,FALSE,,FALSE,TRUE
130,50,TRUE,2026-09-10 12:00,TRUE,2026-09-10 12:22,FALSE,FALSE
130,32,TRUE,2026-09-13 13:00,TRUE,2026-09-13 13:51,TRUE,FALSE
130,41,TRUE,2026-09-04 13:00,TRUE,2026-09-04 14:03,FALSE,FALSE
130,30,TRUE,2026-09-06 12:00,TRUE,2026-09-06 12:07,FALSE,FALSE
130,31,TRUE,2026-09-14 15:00,TRUE,2026-09-14 16:51,FALSE,TRUE
130,5,TRUE,2026-09-02 17:00,TRUE,2026-09-02 17:09,TRUE,TRUE
130,42,TRUE,2026-09-10 15:00,FALSE,,FALSE,FALSE
130,8,FALSE,,FALSE,,FALSE,FALSE
130,43,TRUE,2026-09-04 16:00,TRUE,2026-09-04 16:16,FALSE,FALSE
130,48,TRUE,2026-09-05 09:00,TRUE,2026-09-05 10:00,TRUE,FALSE
130,47,TRUE,2026-09-13 10:00,TRUE,2026-09-13 10:14,FALSE,FALSE
130,39,TRUE,2026-09-14 14:00,TRUE,2026-09-14 14:56,FALSE,FALSE
130,9,TRUE,2026-09-02 08:00,FALSE,,FALSE,FALSE
130,19,TRUE,2026-09-12 13:00,TRUE,2026-09-12 14:28,FALSE,TRUE
131,50,TRUE,2026-09-06 11:00,TRUE,2026-09-06 11:32,FALSE,FALSE
131,41,TRUE,2026-09-09 09:00,TRUE,2026-09-09 09:53,FALSE,TRUE
131,14,TRUE,2026-09-05 14:00,FALSE,,FALSE,FALSE
131,17,TRUE,2026-09-11 09:00,FALSE,,FALSE,TRUE
131,52,TRUE,2026-09-03 10:00,TRUE,2026-09-03 10:20,TRUE,FALSE
131,18,TRUE,2026-09-07 14:00,FALSE,,TRUE,TRUE
131,24,TRUE,2026-09-06 16:00,FALSE,,FALSE,FALSE
131,16,TRUE,2026-09-08 09:00,TRUE,2026-09-08 09:44,TRUE,FALSE
131,11,TRUE,2026-09-06 11:00,TRUE,2026-09-06 11:15,FALSE,TRUE
131,6,TRUE,2026-09-02 12:00,TRUE,2026-09-02 13:59,FALSE,FALSE
131,39,TRUE,2026-09-11 08:00,FALSE,,FALSE,FALSE
131,43,TRUE,2026-09-02 17:00,TRUE,2026-09-02 18:55,FALSE,FALSE
131,7,TRUE,2026-09-15 10:00,TRUE,2026-09-15 10:27,TRUE,TRUE
131,13,TRUE,2026-09-14 18:00,FALSE,,TRUE,FALSE
131,44,TRUE,2026-09-09 11:00,FALSE,,FALSE,TRUE
131,27,TRUE,2026-09-07 08:00,TRUE,2026-09-07 08:47,FALSE,FALSE
131,9,TRUE,2026-09-04 14:00,FALSE,,FALSE,FALSE
131,25,TRUE,2026-09-04 09:00,FALSE,,TRUE,FALSE
131,37,TRUE,2026-09-03 15:00,TRUE,2026-09-03 15:58,TRUE,FALSE
131,34,TRUE,2026-09-11 18:00,FALSE,,FALSE,TRUE
131,12,TRUE,2026-09-07 18:00,TRUE,2026-09-07 19:23,FALSE,FALSE
131,26,TRUE,2026-09-15 17:00,FALSE,,FALSE,FALSE
131,46,TRUE,2026-09-05 18:00,FALSE,,FALSE,FALSE
131,32,TRUE,2026-09-03 11:00,FALSE,,FALSE,FALSE
131,54,TRUE,2026-09-09 18:00,TRUE,2026-09-09 19:11,FALSE,TRUE
131,10,TRUE,2026-09-04 13:00,TRUE,2026-09-04 14:29,FALSE,FALSE
132,52,TRUE,2026-09-07 11:00,TRUE,2026-09-07 12:49,TRUE,FALSE
132,29,TRUE,2026-09-09 17:00,FALSE,,FALSE,FALSE
132,45,TRUE,2026-09-10 13:00,FALSE,,TRUE,FALSE
132,8,TRUE,2026-09-09 16:00,TRUE,2026-09-09 16:17,FALSE,FALSE
132,17,TRUE,2026-09-03 13:00,TRUE,2026-09-03 13:08,TRUE,FALSE
132,16,TRUE,2026-09-09 09:00,FALSE,,FALSE,FALSE
132,5,TRUE,2026-09-09 14:00,TRUE,2026-09-09 14:15,TRUE,TRUE
132,14,TRUE,2026-09-15 16:00,FALSE,,TRUE,FALSE
132,54,FALSE,,FALSE,,FALSE,FALSE
132,7,TRUE,2026-09-04 17:00,TRUE,2026-09-04 18:12,FALSE,FALSE
132,20,TRUE,2026-09-13 16:00,FALSE,,FALSE,FALSE
132,15,TRUE,2026-09-15 17:00,FALSE,,TRUE,FALSE
132,30,TRUE,2026-09-11 14:00,TRUE,2026-09-11 14:40,FALSE,TRUE
132,25,TRUE,2026-09-08 16:00,TRUE,2026-09-08 17:59,FALSE,FALSE
132,48,TRUE,2026-09-06 08:00,FALSE,,FALSE,FALSE
132,35,TRUE,2026-09-13 17:00,TRUE,2026-09-13 17:13,FALSE,FALSE
135,35,TRUE,2026-09-04 18:00,FALSE,,FALSE,FALSE
135,15,TRUE,2026-09-10 09:00,TRUE,2026-09-10 10:21,FALSE,FALSE
135,20,TRUE,2026-09-03 16:00,TRUE,2026-09-03 17:03,FALSE,TRUE
135,30,TRUE,2026-09-13 13:00,TRUE,2026-09-13 13:10,FALSE,TRUE
135,53,TRUE,2026-09-09 14:00,TRUE,2026-09-09 15:57,FALSE,TRUE
135,46,TRUE,2026-09-06 11:00,TRUE,2026-09-06 11:16,TRUE,FALSE
135,31,TRUE,2026-09-07 11:00,TRUE,2026-09-07 12:30,FALSE,FALSE
135,51,TRUE,2026-09-02 18:00,FALSE,,FALSE,TRUE
135,42,TRUE,2026-09-16 12:00,TRUE,2026-09-16 12:47,FALSE,TRUE
135,17,TRUE,2026-09-03 08:00,FALSE,,TRUE,FALSE
135,52,TRUE,2026-09-11 14:00,TRUE,2026-09-11 14:18,TRUE,TRUE
135,27,TRUE,2026-09-11 17:00,TRUE,2026-09-11 18:11,TRUE,FALSE
135,9,FALSE,,FALSE,,FALSE,TRUE
135,19,TRUE,2026-09-03 17:00,FALSE,,TRUE,FALSE
135,22,TRUE,2026-09-13 17:00,TRUE,2026-09-13 17:55,FALSE,FALSE
135,13,TRUE,2026-09-09 15:00,TRUE,2026-09-09 16:11,FALSE,FALSE
135,47,TRUE,2026-09-13 14:00,TRUE,2026-09-13 14:08,FALSE,FALSE
135,12,TRUE,2026-09-07 09:00,FALSE,,FALSE,FALSE
135,14,TRUE,2026-09-16 12:00,TRUE,2026-09-16 13:32,FALSE,TRUE
137,22,TRUE,2026-09-15 11:00,FALSE,,FALSE,TRUE
137,33,FALSE,,FALSE,,FALSE,FALSE
137,8,TRUE,2026-09-14 14:00,FALSE,,TRUE,FALSE
137,25,TRUE,2026-09-09 13:00,TRUE,2026-09-09 13:26,FALSE,FALSE
137,34,TRUE,2026-09-16 16:00,TRUE,2026-09-16 17:16,FALSE,FALSE
137,49,TRUE,2026-09-11 09:00,FALSE,,FALSE,FALSE
137,45,TRUE,2026-09-08 12:00,FALSE,,FALSE,FALSE
137,21,TRUE,2026-09-08 09:00,TRUE,2026-09-08 10:39,TRUE,TRUE
137,15,TRUE,2026-09-11 09:00,FALSE,,FALSE,TRUE
137,18,TRUE,2026-09-04 18:00,TRUE,2026-09-04 18:08,FALSE,TRUE
137,40,TRUE,2026-09-05 11:00,TRUE,2026-09-05 12:48,FALSE,FALSE
137,44,TRUE,2026-09-02 17:00,TRUE,2026-09-02 18:01,FALSE,FALSE
137,51,TRUE,2026-09-08 10:00,TRUE,2026-09-08 11:19,FALSE,FALSE
137,30,TRUE,2026-09-08 12:00,TRUE,2026-09-08 12:51,TRUE,FALSE
137,27,TRUE,2026-09-16 11:00,FALSE,,FALSE,TRUE
137,16,TRUE,2026-09-15 11:00,TRUE,2026-09-15 12:19,FALSE,TRUE
137,36,TRUE,2026-09-10 15:00,TRUE,2026-09-10 15:18,TRUE,FALSE
137,10,TRUE,2026-09-13 18:00,TRUE,2026-09-13 19:50,TRUE,FALSE
137,26,TRUE,2026-09-02 15:00,TRUE,2026-09-02 16:08,FALSE,FALSE
137,39,TRUE,2026-09-02 16:00,TRUE,2026-09-02 17:28,FALSE,FALSE
137,24,TRUE,2026-09-04 09:00,TRUE,2026-09-04 09:13,TRUE,FALSE
137,54,TRUE,2026-09-16 08:00,TRUE,2026-09-16 09:07,FALSE,TRUE
138,30,TRUE,2026-09-14 09:00,TRUE,2026-09-14 10:12,FALSE,FALSE
138,18,TRUE,2026-09-11 10:00,TRUE,2026-09-11 10:08,FALSE,FALSE
138,47,TRUE,2026-09-03 09:00,TRUE,2026-09-03 10:18,FALSE,FALSE
138,33,TRUE,2026-09-08 15:00,FALSE,,FALSE,FALSE
138,24,TRUE,2026-09-13 14:00,TRUE,2026-09-13 15:08,FALSE,FALSE
138,39,TRUE,2026-09-07 18:00,TRUE,2026-09-07 18:48,FALSE,FALSE
138,48,TRUE,2026-09-16 17:00,FALSE,,FALSE,FALSE
138,50,FALSE,,FALSE,,FALSE,TRUE
138,26,FALSE,,FALSE,,FALSE,FALSE
138,19,TRUE,2026-09-11 17:00,TRUE,2026-09-11 17:13,TRUE,FALSE
138,41,TRUE,2026-09-04 16:00,FALSE,,FALSE,TRUE
138,37,TRUE,2026-09-11 13:00,TRUE,2026-09-11 14:59,FALSE,TRUE
138,31,TRUE,2026-09-10 10:00,TRUE,2026-09-10 11:01,FALSE,FALSE
138,14,TRUE,2026-09-14 09:00,TRUE,2026-09-14 09:44,TRUE,FALSE
138,49,TRUE,2026-09-11 16:00,FALSE,,FALSE,FALSE
138,25,TRUE,2026-09-11 13:00,TRUE,2026-09-11 14:29,FALSE,FALSE
138,5,TRUE,2026-09-03 18:00,TRUE,2026-09-03 18:48,FALSE,FALSE
138,8,TRUE,2026-09-09 11:00,TRUE,2026-09-09 11:10,FALSE,TRUE
138,27,TRUE,2026-09-14 18:00,TRUE,2026-09-14 19:52,FALSE,TRUE
141,47,TRUE,2026-09-08 14:00,TRUE,2026-09-08 14:15,FALSE,FALSE
141,46,TRUE,2026-09-09 17:00,TRUE,2026-09-09 18:08,TRUE,TRUE
141,25,TRUE,2026-09-13 08:00,TRUE,2026-09-13 08:10,FALSE,FALSE
141,38,TRUE,2026-09-13 17:00,TRUE,2026-09-13 18:27,FALSE,FALSE
141,41,FALSE,,FALSE,,TRUE,FALSE
141,50,TRUE,2026-09-10 08:00,TRUE,2026-09-10 09:32,TRUE,FALSE
141,39,TRUE,2026-09-04 16:00,TRUE,2026-09-04 17:34,FALSE,FALSE
141,51,TRUE,2026-09-04 11:00,TRUE,2026-09-04 11:14,FALSE,FALSE
141,30,TRUE,2026-09-11 08:00,FALSE,,FALSE,TRUE
141,48,TRUE,2026-09-06 08:00,TRUE,2026-09-06 09:29,TRUE,TRUE
141,17,TRUE,2026-09-08 11:00,TRUE,2026-09-08 12:52,FALSE,FALSE
141,23,TRUE,2026-09-11 18:00,FALSE,,TRUE,FALSE
141,52,TRUE,2026-09-16 18:00,FALSE,,TRUE,FALSE
141,13,TRUE,2026-09-08 08:00,TRUE,2026-09-08 08:57,FALSE,TRUE
141,33,TRUE,2026-09-14 15:00,FALSE,,FALSE,FALSE
141,44,FALSE,,FALSE,,FALSE,FALSE
141,43,TRUE,2026-09-03 18:00,FALSE,,FALSE,TRUE
142,16,TRUE,2026-09-10 15:00,FALSE,,FALSE,FALSE
142,39,TRUE,2026-09-03 11:00,FALSE,,FALSE,FALSE
142,25,TRUE,2026-09-03 11:00,TRUE,2026-09-03 11:52,FALSE,FALSE
142,15,TRUE,2026-09-02 18:00,TRUE,2026-09-02 19:43,TRUE,TRUE
142,21,TRUE,2026-09-02 17:00,FALSE,,FALSE,TRUE
142,48,TRUE,2026-09-04 13:00,TRUE,2026-09-04 15:00,FALSE,FALSE
142,30,TRUE,2026-09-06 16:00,FALSE,,FALSE,FALSE
142,23,TRUE,2026-09-09 08:00,TRUE,2026-09-09 08:13,TRUE,FALSE
142,53,TRUE,2026-09-04 10:00,TRUE,2026-09-04 10:45,FALSE,FALSE
142,47,TRUE,2026-09-10 08:00,TRUE,2026-09-10 08:26,FALSE,FALSE
142,45,FALSE,,FALSE,,TRUE,FALSE
142,41,FALSE,,FALSE,,FALSE,FALSE
142,50,TRUE,2026-09-11 09:00,TRUE,2026-09-11 10:42,FALSE,FALSE
142,11,FALSE,,FALSE,,FALSE,TRUE
142,12,TRUE,2026-09-12 14:00,FALSE,,FALSE,FALSE
142,49,TRUE,2026-09-12 15:00,TRUE,2026-09-12 15:49,TRUE,FALSE
142,17,TRUE,2026-09-16 10:00,TRUE,2026-09-16 11:57,FALSE,FALSE
143,29,TRUE,2026-09-13 15:00,TRUE,2026-09-13 15:54,FALSE,FALSE
143,21,TRUE,2026-09-04 16:00,FALSE,,FALSE,FALSE
143,15,TRUE,2026-09-15 18:00,TRUE,2026-09-15 18:51,TRUE,FALSE
143,28,TRUE,2026-09-08 13:00,TRUE,2026-09-08 13:32,FALSE,FALSE
143,6,TRUE,2026-09-09 12:00,TRUE,2026-09-09 13:44,TRUE,FALSE
143,32,TRUE,2026-09-07 16:00,TRUE,2026-09-07 17:29,FALSE,FALSE
143,24,TRUE,2026-09-09 08:00,TRUE,2026-09-09 08:54,FALSE,FALSE
143,14,TRUE,2026-09-12 17:00,TRUE,2026-09-12 18:27,FALSE,TRUE
143,7,TRUE,2026-09-08 13:00,TRUE,2026-09-08 14:56,FALSE,TRUE
143,34,TRUE,2026-09-11 17:00,TRUE,2026-09-11 18:25,TRUE,FALSE
143,31,TRUE,2026-09-03 08:00,FALSE,,TRUE,FALSE
143,39,TRUE,2026-09-07 13:00,FALSE,,FALSE,FALSE
143,19,TRUE,2026-09-07 17:00,TRUE,2026-09-07 18:19,TRUE,FALSE
143,30,TRUE,2026-09-04 12:00,FALSE,,TRUE,FALSE
143,13,TRUE,2026-09-04 14:00,FALSE,,TRUE,FALSE
143,27,TRUE,2026-09-12 15:00,TRUE,2026-09-12 15:40,FALSE,TRUE
143,18,TRUE,2026-09-12 10:00,TRUE,2026-09-12 10:17,FALSE,FALSE
143,41,TRUE,2026-09-08 15:00,FALSE,,FALSE,FALSE
143,44,TRUE,2026-09-16 15:00,TRUE,2026-09-16 15:28,FALSE,FALSE
143,33,TRUE,2026-09-12 17:00,FALSE,,FALSE,FALSE
147,9,TRUE,2026-09-16 10:00,FALSE,,FALSE,FALSE
147,16,TRUE,2026-09-08 13:00,FALSE,,FALSE,TRUE
147,13,TRUE,2026-09-03 13:00,TRUE,2026-09-03 13:21,TRUE,TRUE
147,44,FALSE,,FALSE,,FALSE,FALSE
147,24,TRUE,2026-09-09 14:00,TRUE,2026-09-09 15:33,FALSE,FALSE
147,48,TRUE,2026-09-14 16:00,TRUE,2026-09-14 17:45,FALSE,FALSE
147,30,TRUE,2026-09-07 12:00,TRUE,2026-09-07 13:07,FALSE,FALSE
147,14,TRUE,2026-09-12 09:00,TRUE,2026-09-12 09:45,TRUE,TRUE
147,12,FALSE,,FALSE,,FALSE,TRUE
147,17,TRUE,2026-09-04 13:00,FALSE,,FALSE,FALSE
147,25,FALSE,,FALSE,,FALSE,FALSE
147,23,TRUE,2026-09-07 17:00,FALSE,,FALSE,TRUE
147,10,TRUE,2026-09-12 13:00,TRUE,2026-09-12 13:18,FALSE,FALSE
147,27,TRUE,2026-09-16 09:00,FALSE,,FALSE,FALSE
147,36,TRUE,2026-09-12 11:00,FALSE,,FALSE,FALSE
147,6,TRUE,2026-09-05 15:00,TRUE,2026-09-05 16:35,TRUE,FALSE
147,31,TRUE,2026-09-06 18:00,TRUE,2026-09-06 19:55,FALSE,FALSE
147,15,FALSE,,FALSE,,FALSE,FALSE
147,28,TRUE,2026-09-10 17:00,TRUE,2026-09-10 18:34,FALSE,TRUE
147,32,TRUE,2026-09-15 13:00,TRUE,2026-09-15 13:34,FALSE,FALSE
147,52,TRUE,2026-09-11 14:00,TRUE,2026-09-11 14:41,FALSE,FALSE
147,11,TRUE,2026-09-05 16:00,FALSE,,TRUE,FALSE
147,21,TRUE,2026-09-04 09:00,FALSE,,FALSE,TRUE
147,34,FALSE,,FALSE,,FALSE,FALSE
147,35,TRUE,2026-09-16 15:00,FALSE,,FALSE,FALSE
147,5,TRUE,2026-09-16 13:00,TRUE,2026-09-16 14:22,FALSE,FALSE
149,51,TRUE,2026-09-08 15:00,TRUE,2026-09-08 16:04,FALSE,FALSE
149,25,TRUE,2026-09-08 08:00,TRUE,2026-09-08 09:45,FALSE,TRUE
149,33,TRUE,2026-09-08 13:00,FALSE,,FALSE,FALSE
149,27,TRUE,2026-09-11 10:00,FALSE,,FALSE,FALSE
149,35,TRUE,2026-09-05 08:00,TRUE,2026-09-05 08:25,FALSE,TRUE
149,28,TRUE,2026-09-05 11:00,TRUE,2026-09-05 12:37,FALSE,FALSE
149,36,TRUE,2026-09-09 18:00,FALSE,,TRUE,FALSE
149,24,TRUE,2026-09-09 17:00,FALSE,,FALSE,TRUE
149,48,TRUE,2026-09-08 15:00,FALSE,,FALSE,FALSE
149,53,TRUE,2026-09-12 17:00,TRUE,2026-09-12 17:20,FALSE,FALSE
149,39,TRUE,2026-09-07 10:00,TRUE,2026-09-07 11:05,FALSE,FALSE
149,17,TRUE,2026-09-05 13:00,TRUE,2026-09-05 14:56,TRUE,FALSE
149,19,TRUE,2026-09-09 12:00,TRUE,2026-09-09 13:18,FALSE,FALSE
149,15,TRUE,2026-09-07 18:00,TRUE,2026-09-07 18:34,FALSE,FALSE
149,7,TRUE,2026-09-05 15:00,TRUE,2026-09-05 16:58,FALSE,FALSE
149,54,FALSE,,FALSE,,FALSE,FALSE
149,31,FALSE,,FALSE,,FALSE,FALSE
149,34,TRUE,2026-09-13 12:00,FALSE,,FALSE,FALSE
149,37,TRUE,2026-09-13 10:00,TRUE,2026-09-13 11:44,FALSE,FALSE
149,41,TRUE,2026-09-07 13:00,TRUE,2026-09-07 14:06,FALSE,TRUE
149,46,TRUE,2026-09-09 13:00,TRUE,2026-09-09 14:13,FALSE,TRUE
149,30,TRUE,2026-09-16 17:00,TRUE,2026-09-16 17:42,FALSE,FALSE
149,32,TRUE,2026-09-14 16:00,FALSE,,FALSE,FALSE
150,24,TRUE,2026-09-10 10:00,TRUE,2026-09-10 11:42,FALSE,TRUE
150,21,TRUE,2026-09-05 17:00,TRUE,2026-09-05 17:25,FALSE,FALSE
150,18,FALSE,,FALSE,,FALSE,FALSE
150,14,TRUE,2026-09-04 13:00,TRUE,2026-09-04 13:53,FALSE,FALSE
150,23,TRUE,2026-09-08 10:00,FALSE,,TRUE,FALSE
150,6,TRUE,2026-09-11 17:00,FALSE,,FALSE,FALSE
150,49,TRUE,2026-09-09 09:00,TRUE,2026-09-09 09:22,FALSE,FALSE
150,46,TRUE,2026-09-05 09:00,TRUE,2026-09-05 09:50,FALSE,FALSE
150,47,TRUE,2026-09-09 14:00,TRUE,2026-09-09 15:12,FALSE,TRUE
150,31,TRUE,2026-09-10 09:00,TRUE,2026-09-10 10:02,FALSE,TRUE
150,10,TRUE,2026-09-05 11:00,FALSE,,FALSE,FALSE
150,28,TRUE,2026-09-13 11:00,TRUE,2026-09-13 11:10,FALSE,FALSE
150,34,TRUE,2026-09-15 10:00,TRUE,2026-09-15 10:46,FALSE,FALSE
150,51,TRUE,2026-09-10 12:00,TRUE,2026-09-10 13:30,FALSE,FALSE
150,33,FALSE,,FALSE,,FALSE,FALSE
151,42,TRUE,2026-09-06 13:00,FALSE,,FALSE,TRUE
151,36,TRUE,2026-09-12 12:00,FALSE,,FALSE,FALSE
151,5,TRUE,2026-09-12 16:00,FALSE,,FALSE,FALSE
151,27,TRUE,2026-09-08 09:00,FALSE,,FALSE,TRUE
151,49,TRUE,2026-09-11 12:00,FALSE,,TRUE,FALSE
151,10,TRUE,2026-09-15 12:00,FALSE,,FALSE,FALSE
151,54,TRUE,2026-09-11 12:00,FALSE,,FALSE,FALSE
151,28,FALSE,,FALSE,,TRUE,TRUE
151,37,TRUE,2026-09-13 14:00,FALSE,,FALSE,FALSE
151,15,TRUE,2026-09-14 10:00,FALSE,,TRUE,FALSE
151,30,TRUE,2026-09-14 18:00,FALSE,,TRUE,FALSE
151,18,TRUE,2026-09-16 08:00,FALSE,,TRUE,FALSE
151,14,TRUE,2026-09-06 08:00,FALSE,,FALSE,FALSE
151,39,TRUE,2026-09-04 09:00,FALSE,,FALSE,FALSE
151,52,TRUE,2026-09-08 13:00,FALSE,,FALSE,FALSE
151,23,FALSE,,FALSE,,FALSE,TRUE
151,22,TRUE,2026-09-06 15:00,FALSE,,TRUE,TRUE
151,47,TRUE,2026-09-05 09:00,FALSE,,TRUE,FALSE
151,29,TRUE,2026-09-02 15:00,FALSE,,FALSE,FALSE
151,50,TRUE,2026-09-09 17:00,FALSE,,FALSE,FALSE
151,31,FALSE,,FALSE,,FALSE,FALSE
151,11,TRUE,2026-09-05 09:00,FALSE,,FALSE,FALSE
152,36,TRUE,2026-09-05 11:00,TRUE,2026-09-05 12:48,FALSE,FALSE
152,32,TRUE,2026-09-15 14:00,TRUE,2026-09-15 15:34,FALSE,FALSE
152,34,TRUE,2026-09-02 12:00,TRUE,2026-09-02 13:21,FALSE,TRUE
152,31,TRUE,2026-09-07 18:00,TRUE,2026-09-07 19:37,FALSE,FALSE
152,16,TRUE,2026-09-07 14:00,FALSE,,FALSE,FALSE
152,5,TRUE,2026-09-06 10:00,TRUE,2026-09-06 11:41,TRUE,FALSE
152,41,TRUE,2026-09-08 09:00,TRUE,2026-09-08 10:58,FALSE,TRUE
152,7,TRUE,2026-09-09 16:00,TRUE,2026-09-09 16:26,TRUE,FALSE
152,9,TRUE,2026-09-12 10:00,TRUE,2026-09-12 11:14,FALSE,FALSE
152,22,TRUE,2026-09-11 10:00,TRUE,2026-09-11 11:46,FALSE,FALSE
152,23,FALSE,,FALSE,,FALSE,FALSE
152,35,TRUE,2026-09-02 16:00,FALSE,,FALSE,TRUE
152,17,TRUE,2026-09-04 11:00,TRUE,2026-09-04 12:45,FALSE,FALSE
152,45,TRUE,2026-09-14 13:00,TRUE,2026-09-14 13:55,FALSE,TRUE
152,6,TRUE,2026-09-07 14:00,TRUE,2026-09-07 14:18,FALSE,FALSE
152,48,TRUE,2026-09-13 11:00,TRUE,2026-09-13 12:59,FALSE,FALSE
153,36,TRUE,2026-09-14 18:00,FALSE,,FALSE,TRUE
153,14,TRUE,2026-09-07 18:00,TRUE,2026-09-07 19:34,FALSE,FALSE
153,9,TRUE,2026-09-06 14:00,TRUE,2026-09-06 15:06,FALSE,FALSE
153,49,TRUE,2026-09-02 15:00,FALSE,,FALSE,FALSE
153,24,TRUE,2026-09-08 16:00,TRUE,2026-09-08 16:59,FALSE,FALSE
153,20,TRUE,2026-09-12 15:00,TRUE,2026-09-12 15:53,FALSE,FALSE
153,30,TRUE,2026-09-09 12:00,TRUE,2026-09-09 12:15,FALSE,TRUE
153,50,TRUE,2026-09-03 15:00,TRUE,2026-09-03 15:48,FALSE,TRUE
153,18,FALSE,,FALSE,,FALSE,TRUE
153,39,TRUE,2026-09-05 17:00,TRUE,2026-09-05 17:06,FALSE,FALSE
153,11,TRUE,2026-09-02 16:00,TRUE,2026-09-02 17:09,FALSE,FALSE
153,17,TRUE,2026-09-14 16:00,TRUE,2026-09-14 16:11,FALSE,FALSE
153,6,TRUE,2026-09-04 15:00,FALSE,,FALSE,FALSE
153,42,TRUE,2026-09-03 18:00,FALSE,,TRUE,FALSE
153,41,TRUE,2026-09-02 14:00,TRUE,2026-09-02 15:48,FALSE,FALSE
153,23,TRUE,2026-09-06 10:00,FALSE,,TRUE,FALSE
153,12,TRUE,2026-09-13 15:00,TRUE,2026-09-13 15:19,FALSE,FALSE
153,46,TRUE,2026-09-11 17:00,FALSE,,FALSE,TRUE
156,6,FALSE,,FALSE,,FALSE,FALSE
156,50,TRUE,2026-09-12 16:00,TRUE,2026-09-12 16:38,FALSE,TRUE
156,38,TRUE,2026-09-11 14:00,FALSE,,FALSE,FALSE
156,49,TRUE,2026-09-13 14:00,FALSE,,FALSE,TRUE
156,28,TRUE,2026-09-12 12:00,TRUE,2026-09-12 12:06,FALSE,TRUE
156,45,TRUE,2026-09-05 15:00,TRUE,2026-09-05 15:29,FALSE,FALSE
156,39,TRUE,2026-09-04 14:00,TRUE,2026-09-04 15:25,FALSE,TRUE
156,11,TRUE,2026-09-04 16:00,FALSE,,FALSE,FALSE
156,31,TRUE,2026-09-03 17:00,FALSE,,FALSE,FALSE
156,35,TRUE,2026-09-05 12:00,TRUE,2026-09-05 13:41,FALSE,TRUE
156,7,TRUE,2026-09-02 11:00,TRUE,2026-09-02 11:52,FALSE,FALSE
156,22,TRUE,2026-09-13 10:00,TRUE,2026-09-13 11:46,FALSE,FALSE
156,32,TRUE,2026-09-12 10:00,FALSE,,FALSE,FALSE
156,40,FALSE,,FALSE,,FALSE,FALSE
156,42,TRUE,2026-09-13 10:00,TRUE,2026-09-13 10:10,FALSE,FALSE
156,9,TRUE,2026-09-14 13:00,FALSE,,FALSE,FALSE
156,48,TRUE,2026-09-09 16:00,TRUE,2026-09-09 17:41,TRUE,FALSE
156,10,TRUE,2026-09-16 18:00,TRUE,2026-09-16 19:29,FALSE,FALSE
156,21,TRUE,2026-09-13 15:00,TRUE,2026-09-13 16:13,FALSE,FALSE
156,33,TRUE,2026-09-06 12:00,TRUE,2026-09-06 13:21,FALSE,FALSE
156,26,TRUE,2026-09-16 11:00,TRUE,2026-09-16 11:49,TRUE,FALSE
156,16,TRUE,2026-09-12 14:00,FALSE,,FALSE,FALSE
156,20,TRUE,2026-09-11 10:00,TRUE,2026-09-11 11:33,FALSE,FALSE
156,17,TRUE,2026-09-10 16:00,FALSE,,FALSE,FALSE
156,36,TRUE,2026-09-13 12:00,TRUE,2026-09-13 12:31,FALSE,FALSE
156,12,TRUE,2026-09-16 18:00,TRUE,2026-09-16 18:52,FALSE,FALSE
156,52,TRUE,2026-09-11 15:00,TRUE,2026-09-11 15:23,FALSE,FALSE
156,8,TRUE,2026-09-08 16:00,TRUE,2026-09-08 16:05,FALSE,TRUE
157,36,TRUE,2026-09-02 08:00,TRUE,2026-09-02 08:40,FALSE,FALSE
157,34,TRUE,2026-09-03 18:00,TRUE,2026-09-03 18:10,TRUE,FALSE
157,40,FALSE,,FALSE,,FALSE,FALSE
157,42,TRUE,2026-09-08 11:00,FALSE,,FALSE,FALSE
157,22,TRUE,2026-09-10 13:00,TRUE,2026-09-10 13:24,FALSE,FALSE
157,37,TRUE,2026-09-04 14:00,FALSE,,FALSE,TRUE
157,41,FALSE,,FALSE,,FALSE,TRUE
157,31,TRUE,2026-09-09 09:00,FALSE,,TRUE,FALSE
157,17,TRUE,2026-09-04 10:00,TRUE,2026-09-04 10:40,FALSE,FALSE
157,50,TRUE,2026-09-11 17:00,TRUE,2026-09-11 18:02,FALSE,FALSE
157,8,FALSE,,FALSE,,FALSE,FALSE
157,32,TRUE,2026-09-08 17:00,TRUE,2026-09-08 17:07,FALSE,FALSE
157,54,TRUE,2026-09-09 14:00,TRUE,2026-09-09 15:12,FALSE,FALSE
157,11,TRUE,2026-09-08 15:00,TRUE,2026-09-08 15:52,FALSE,FALSE
157,35,TRUE,2026-09-12 14:00,FALSE,,FALSE,FALSE
157,43,TRUE,2026-09-06 11:00,TRUE,2026-09-06 13:00,FALSE,FALSE
157,29,TRUE,2026-09-02 18:00,TRUE,2026-09-02 18:36,FALSE,FALSE
157,25,TRUE,2026-09-02 14:00,TRUE,2026-09-02 14:51,FALSE,FALSE
157,12,TRUE,2026-09-16 14:00,FALSE,,FALSE,FALSE
157,9,TRUE,2026-09-06 15:00,FALSE,,FALSE,FALSE
157,10,TRUE,2026-09-10 11:00,TRUE,2026-09-10 11:53,FALSE,TRUE
157,44,FALSE,,FALSE,,TRUE,FALSE
157,16,TRUE,2026-09-02 12:00,FALSE,,TRUE,FALSE
159,14,TRUE,2026-09-03 09:00,FALSE,,FALSE,FALSE
159,32,TRUE,2026-09-10 13:00,TRUE,2026-09-10 13:24,FALSE,FALSE
159,22,TRUE,2026-09-07 10:00,TRUE,2026-09-07 11:10,TRUE,FALSE
159,16,TRUE,2026-09-08 10:00,FALSE,,FALSE,TRUE
159,19,TRUE,2026-09-11 13:00,TRUE,2026-09-11 13:40,FALSE,FALSE
159,31,TRUE,2026-09-13 11:00,FALSE,,FALSE,FALSE
159,24,TRUE,2026-09-04 08:00,FALSE,,FALSE,FALSE
159,15,TRUE,2026-09-10 16:00,TRUE,2026-09-10 17:58,FALSE,TRUE
159,38,TRUE,2026-09-07 17:00,TRUE,2026-09-07 18:52,FALSE,TRUE
159,9,TRUE,2026-09-08 10:00,TRUE,2026-09-08 11:08,FALSE,FALSE
159,50,FALSE,,FALSE,,TRUE,TRUE
159,10,TRUE,2026-09-16 14:00,TRUE,2026-09-16 14:43,FALSE,FALSE
159,8,TRUE,2026-09-02 11:00,TRUE,2026-09-02 12:26,FALSE,FALSE
159,41,TRUE,2026-09-14 10:00,TRUE,2026-09-14 10:43,FALSE,FALSE
159,51,TRUE,2026-09-16 15:00,FALSE,,FALSE,FALSE
159,23,TRUE,2026-09-05 15:00,FALSE,,TRUE,FALSE
159,35,TRUE,2026-09-12 09:00,FALSE,,FALSE,FALSE
159,53,TRUE,2026-09-12 14:00,FALSE,,FALSE,TRUE
159,47,TRUE,2026-09-02 15:00,FALSE,,FALSE,FALSE
159,12,TRUE,2026-09-02 09:00,FALSE,,FALSE,FALSE
159,5,FALSE,,FALSE,,FALSE,FALSE
159,30,FALSE,,FALSE,,FALSE,TRUE
159,11,TRUE,2026-09-11 13:00,FALSE,,FALSE,FALSE
159,48,TRUE,2026-09-09 15:00,TRUE,2026-09-09 16:10,FALSE,TRUE
161,14,FALSE,,FALSE,,FALSE,FALSE
161,29,TRUE,2026-09-05 14:00,FALSE,,FALSE,TRUE
161,26,TRUE,2026-09-11 12:00,FALSE,,TRUE,FALSE
161,47,TRUE,2026-09-04 08:00,FALSE,,FALSE,FALSE
161,50,FALSE,,FALSE,,FALSE,TRUE
161,33,TRUE,2026-09-09 09:00,FALSE,,FALSE,FALSE
161,45,TRUE,2026-09-11 13:00,FALSE,,TRUE,TRUE
161,22,TRUE,2026-09-10 16:00,FALSE,,TRUE,TRUE
161,54,TRUE,2026-09-12 13:00,FALSE,,FALSE,FALSE
161,46,TRUE,2026-09-11 16:00,FALSE,,FALSE,TRUE
161,17,TRUE,2026-09-05 11:00,FALSE,,TRUE,FALSE
161,10,TRUE,2026-09-10 12:00,FALSE,,FALSE,FALSE
161,53,TRUE,2026-09-11 12:00,FALSE,,TRUE,FALSE
161,51,TRUE,2026-09-10 11:00,FALSE,,TRUE,FALSE
161,30,TRUE,2026-09-09 10:00,FALSE,,TRUE,FALSE
161,19,TRUE,2026-09-08 14:00,FALSE,,FALSE,FALSE
161,7,FALSE,,FALSE,,FALSE,FALSE
163,54,TRUE,2026-09-08 17:00,FALSE,,FALSE,FALSE
163,25,TRUE,2026-09-14 10:00,FALSE,,FALSE,FALSE
163,8,TRUE,2026-09-03 09:00,FALSE,,FALSE,FALSE
163,32,TRUE,2026-09-16 09:00,TRUE,2026-09-16 10:46,TRUE,FALSE
163,30,TRUE,2026-09-02 15:00,FALSE,,FALSE,TRUE
163,51,TRUE,2026-09-12 13:00,TRUE,2026-09-12 13:16,FALSE,TRUE
163,14,TRUE,2026-09-02 17:00,FALSE,,FALSE,FALSE
163,31,TRUE,2026-09-14 10:00,TRUE,2026-09-14 11:50,TRUE,FALSE
163,35,TRUE,2026-09-11 16:00,FALSE,,FALSE,FALSE
163,6,TRUE,2026-09-15 12:00,FALSE,,FALSE,FALSE
163,26,TRUE,2026-09-05 12:00,FALSE,,TRUE,FALSE
163,28,TRUE,2026-09-14 15:00,TRUE,2026-09-14 16:10,FALSE,FALSE
163,12,TRUE,2026-09-08 11:00,TRUE,2026-09-08 12:53,FALSE,FALSE
163,24,TRUE,2026-09-04 10:00,FALSE,,FALSE,TRUE
163,20,TRUE,2026-09-09 10:00,FALSE,,FALSE,TRUE
163,36,TRUE,2026-09-11 11:00,TRUE,2026-09-11 12:00,FALSE,TRUE
163,39,TRUE,2026-09-12 16:00,TRUE,2026-09-12 16:43,TRUE,FALSE
164,46,TRUE,2026-09-04 12:00,TRUE,2026-09-04 13:07,TRUE,FALSE
164,7,FALSE,,FALSE,,FALSE,FALSE
164,28,TRUE,2026-09-06 11:00,TRUE,2026-09-06 11:58,FALSE,FALSE
164,15,TRUE,2026-09-07 17:00,TRUE,2026-09-07 17:05,FALSE,TRUE
164,30,TRUE,2026-09-05 11:00,FALSE,,FALSE,TRUE
164,17,TRUE,2026-09-06 16:00,TRUE,2026-09-06 17:12,TRUE,FALSE
164,27,TRUE,2026-09-08 08:00,TRUE,2026-09-08 09:37,FALSE,FALSE
164,9,TRUE,2026-09-09 08:00,FALSE,,FALSE,FALSE
164,8,TRUE,2026-09-03 15:00,TRUE,2026-09-03 15:58,TRUE,TRUE
164,53,TRUE,2026-09-05 13:00,TRUE,2026-09-05 13:33,FALSE,FALSE
164,21,TRUE,2026-09-02 11:00,TRUE,2026-09-02 12:19,FALSE,FALSE
164,29,TRUE,2026-09-02 11:00,TRUE,2026-09-02 12:02,FALSE,FALSE
164,16,FALSE,,FALSE,,FALSE,TRUE
164,36,TRUE,2026-09-16 16:00,TRUE,2026-09-16 16:07,FALSE,TRUE
164,34,TRUE,2026-09-12 12:00,TRUE,2026-09-12 13:29,FALSE,TRUE
164,50,TRUE,2026-09-12 16:00,FALSE,,FALSE,FALSE
164,25,TRUE,2026-09-10 13:00,FALSE,,FALSE,FALSE
164,33,TRUE,2026-09-07 18:00,FALSE,,FALSE,FALSE
164,13,TRUE,2026-09-13 12:00,FALSE,,FALSE,FALSE
164,31,TRUE,2026-09-08 11:00,TRUE,2026-09-08 11:51,FALSE,TRUE
164,51,TRUE,2026-09-10 16:00,TRUE,2026-09-10 16:14,TRUE,TRUE
164,52,TRUE,2026-09-02 11:00,FALSE,,FALSE,TRUE
164,48,TRUE,2026-09-04 09:00,TRUE,2026-09-04 09:48,FALSE,TRUE
164,18,TRUE,2026-09-09 16:00,FALSE,,FALSE,FALSE
164,26,FALSE,,FALSE,,FALSE,FALSE
164,40,TRUE,2026-09-05 16:00,TRUE,2026-09-05 17:37,FALSE,TRUE
164,23,TRUE,2026-09-14 09:00,TRUE,2026-09-14 09:25,FALSE,FALSE
164,32,TRUE,2026-09-10 11:00,TRUE,2026-09-10 12:41,FALSE,FALSE
164,10,TRUE,2026-09-14 14:00,FALSE,,FALSE,TRUE
164,5,TRUE,2026-09-05 17:00,TRUE,2026-09-05 18:44,FALSE,FALSE
166,47,TRUE,2026-09-15 15:00,FALSE,,TRUE,FALSE
166,36,TRUE,2026-09-03 17:00,FALSE,,FALSE,TRUE
166,40,TRUE,2026-09-07 09:00,TRUE,2026-09-07 09:09,FALSE,FALSE
166,34,TRUE,2026-09-10 14:00,FALSE,,TRUE,FALSE
166,29,TRUE,2026-09-04 12:00,TRUE,2026-09-04 12:24,FALSE,TRUE
166,25,TRUE,2026-09-10 13:00,FALSE,,FALSE,FALSE
166,46,FALSE,,FALSE,,TRUE,FALSE
166,28,TRUE,2026-09-15 10:00,TRUE,2026-09-15 11:22,FALSE,FALSE
166,17,TRUE,2026-09-06 13:00,FALSE,,FALSE,FALSE
166,7,TRUE,2026-09-03 11:00,FALSE,,FALSE,TRUE
166,45,TRUE,2026-09-16 09:00,TRUE,2026-09-16 10:15,TRUE,TRUE
166,33,TRUE,2026-09-16 16:00,TRUE,2026-09-16 16:17,TRUE,TRUE
166,48,FALSE,,FALSE,,TRUE,FALSE
166,5,TRUE,2026-09-06 08:00,FALSE,,FALSE,TRUE
166,27,FALSE,,FALSE,,TRUE,FALSE
166,6,TRUE,2026-09-08 16:00,FALSE,,FALSE,TRUE
166,54,TRUE,2026-09-05 09:00,FALSE,,FALSE,TRUE
166,26,TRUE,2026-09-03 18:00,TRUE,2026-09-03 19:05,FALSE,FALSE
166,31,TRUE,2026-09-15 18:00,TRUE,2026-09-15 18:57,FALSE,FALSE
166,38,TRUE,2026-09-14 11:00,TRUE,2026-09-14 11:35,FALSE,FALSE
166,53,TRUE,2026-09-05 16:00,FALSE,,FALSE,TRUE
166,41,TRUE,2026-09-11 12:00,FALSE,,FALSE,TRUE
167,21,TRUE,2026-09-11 08:00,TRUE,2026-09-11 09:36,FALSE,FALSE
167,46,TRUE,2026-09-07 11:00,TRUE,2026-09-07 11:23,FALSE,TRUE
167,43,TRUE,2026-09-07 14:00,TRUE,2026-09-07 15:11,FALSE,FALSE
167,36,TRUE,2026-09-12 10:00,FALSE,,FALSE,TRUE
167,5,TRUE,2026-09-12 11:00,TRUE,2026-09-12 11:40,FALSE,FALSE
167,12,TRUE,2026-09-04 08:00,TRUE,2026-09-04 09:51,FALSE,FALSE
167,30,TRUE,2026-09-08 09:00,TRUE,2026-09-08 09:23,FALSE,FALSE
167,42,TRUE,2026-09-09 16:00,FALSE,,FALSE,FALSE
167,17,TRUE,2026-09-05 12:00,TRUE,2026-09-05 12:54,FALSE,FALSE
167,54,TRUE,2026-09-04 08:00,TRUE,2026-09-04 09:27,FALSE,FALSE
167,13,TRUE,2026-09-10 18:00,TRUE,2026-09-10 18:19,FALSE,FALSE
167,41,TRUE,2026-09-03 12:00,TRUE,2026-09-03 13:11,FALSE,FALSE
167,16,FALSE,,FALSE,,FALSE,TRUE
167,49,TRUE,2026-09-06 12:00,TRUE,2026-09-06 13:41,TRUE,TRUE
167,20,TRUE,2026-09-11 16:00,TRUE,2026-09-11 17:25,FALSE,FALSE
167,44,TRUE,2026-09-02 13:00,TRUE,2026-09-02 14:43,FALSE,FALSE
167,7,FALSE,,FALSE,,FALSE,FALSE
167,19,TRUE,2026-09-14 14:00,FALSE,,TRUE,FALSE
167,40,TRUE,2026-09-12 17:00,TRUE,2026-09-12 17:50,FALSE,FALSE
167,28,TRUE,2026-09-05 13:00,FALSE,,FALSE,FALSE
167,6,TRUE,2026-09-07 15:00,FALSE,,TRUE,FALSE
167,35,FALSE,,FALSE,,FALSE,FALSE
167,38,TRUE,2026-09-02 11:00,TRUE,2026-09-02 12:13,TRUE,FALSE
167,26,TRUE,2026-09-10 15:00,TRUE,2026-09-10 15:33,FALSE,FALSE
167,53,FALSE,,FALSE,,FALSE,TRUE
167,9,TRUE,2026-09-06 18:00,TRUE,2026-09-06 19:02,TRUE,FALSE
167,11,TRUE,2026-09-11 09:00,FALSE,,FALSE,FALSE
167,39,TRUE,2026-09-14 11:00,FALSE,,FALSE,FALSE
170,36,TRUE,2026-09-10 10:00,FALSE,,FALSE,FALSE
170,18,FALSE,,FALSE,,FALSE,FALSE
170,31,TRUE,2026-09-13 08:00,TRUE,2026-09-13 08:30,TRUE,FALSE
170,26,TRUE,2026-09-02 18:00,TRUE,2026-09-02 19:24,FALSE,FALSE
170,11,TRUE,2026-09-05 13:00,TRUE,2026-09-05 14:57,FALSE,TRUE
170,10,TRUE,2026-09-13 09:00,TRUE,2026-09-13 09:25,FALSE,FALSE
170,37,TRUE,2026-09-10 10:00,TRUE,2026-09-10 11:59,FALSE,FALSE
170,42,TRUE,2026-09-03 10:00,TRUE,2026-09-03 11:00,FALSE,TRUE
170,19,TRUE,2026-09-10 16:00,TRUE,2026-09-10 17:12,TRUE,TRUE
170,41,TRUE,2026-09-16 17:00,TRUE,2026-09-16 18:58,FALSE,TRUE
170,22,TRUE,2026-09-12 17:00,FALSE,,FALSE,FALSE
170,5,TRUE,2026-09-09 12:00,FALSE,,FALSE,TRUE
170,32,TRUE,2026-09-15 08:00,FALSE,,FALSE,TRUE
170,27,TRUE,2026-09-03 17:00,FALSE,,FALSE,TRUE
170,45,TRUE,2026-09-13 16:00,TRUE,2026-09-13 16:19,FALSE,FALSE
173,8,TRUE,2026-09-10 10:00,TRUE,2026-09-10 10:10,FALSE,TRUE
173,38,TRUE,2026-09-14 11:00,TRUE,2026-09-14 11:16,FALSE,FALSE
173,16,FALSE,,FALSE,,FALSE,FALSE
173,39,TRUE,2026-09-07 15:00,FALSE,,FALSE,TRUE
173,19,FALSE,,FALSE,,FALSE,TRUE
173,13,TRUE,2026-09-13 08:00,TRUE,2026-09-13 09:37,FALSE,FALSE
173,20,TRUE,2026-09-14 18:00,TRUE,2026-09-14 18:15,FALSE,FALSE
173,54,TRUE,2026-09-09 16:00,TRUE,2026-09-09 16:12,FALSE,FALSE
173,37,TRUE,2026-09-13 10:00,TRUE,2026-09-13 10:45,FALSE,FALSE
173,43,TRUE,2026-09-12 12:00,TRUE,2026-09-12 12:38,FALSE,FALSE
173,51,TRUE,2026-09-12 17:00,TRUE,2026-09-12 17:41,FALSE,TRUE
173,9,FALSE,,FALSE,,FALSE,TRUE
173,48,TRUE,2026-09-14 08:00,FALSE,,FALSE,FALSE
173,44,TRUE,2026-09-02 17:00,FALSE,,FALSE,TRUE
173,40,TRUE,2026-09-12 13:00,FALSE,,FALSE,FALSE
173,10,TRUE,2026-09-08 17:00,FALSE,,FALSE,TRUE
173,26,TRUE,2026-09-07 13:00,TRUE,2026-09-07 13:51,FALSE,FALSE
173,41,TRUE,2026-09-13 08:00,TRUE,2026-09-13 08:10,FALSE,FALSE
173,21,TRUE,2026-09-08 17:00,TRUE,2026-09-08 18:16,FALSE,FALSE
176,54,TRUE,2026-09-16 16:00,TRUE,2026-09-16 16:38,FALSE,FALSE
176,44,TRUE,2026-09-04 16:00,TRUE,2026-09-04 17:08,TRUE,FALSE
176,45,TRUE,2026-09-13 11:00,TRUE,2026-09-13 11:13,FALSE,FALSE
176,38,TRUE,2026-09-04 14:00,TRUE,2026-09-04 14:42,FALSE,FALSE
176,16,TRUE,2026-09-12 12:00,TRUE,2026-09-12 12:25,FALSE,TRUE
176,13,TRUE,2026-09-04 13:00,TRUE,2026-09-04 14:53,FALSE,FALSE
176,9,TRUE,2026-09-14 12:00,FALSE,,TRUE,TRUE
176,8,TRUE,2026-09-12 14:00,FALSE,,TRUE,FALSE
176,22,TRUE,2026-09-15 08:00,FALSE,,FALSE,FALSE
176,47,TRUE,2026-09-10 18:00,FALSE,,FALSE,TRUE
176,12,TRUE,2026-09-12 09:00,TRUE,2026-09-12 09:44,FALSE,FALSE
176,30,TRUE,2026-09-11 16:00,TRUE,2026-09-11 16:07,FALSE,FALSE
176,21,TRUE,2026-09-10 16:00,TRUE,2026-09-10 17:51,TRUE,FALSE
176,51,TRUE,2026-09-09 17:00,TRUE,2026-09-09 17:12,FALSE,FALSE
176,53,TRUE,2026-09-12 08:00,TRUE,2026-09-12 08:42,FALSE,TRUE
177,53,TRUE,2026-09-03 18:00,FALSE,,FALSE,FALSE
177,27,TRUE,2026-09-12 13:00,FALSE,,TRUE,FALSE
177,17,TRUE,2026-09-02 09:00,FALSE,,TRUE,TRUE
177,38,TRUE,2026-09-10 15:00,FALSE,,FALSE,FALSE
177,21,TRUE,2026-09-09 16:00,FALSE,,TRUE,TRUE
177,42,TRUE,2026-09-10 08:00,FALSE,,FALSE,FALSE
177,25,TRUE,2026-09-14 08:00,FALSE,,FALSE,FALSE
177,12,TRUE,2026-09-10 10:00,FALSE,,TRUE,FALSE
177,30,FALSE,,FALSE,,FALSE,FALSE
177,19,TRUE,2026-09-09 12:00,FALSE,,FALSE,TRUE
177,14,TRUE,2026-09-13 14:00,FALSE,,TRUE,TRUE
177,11,TRUE,2026-09-08 13:00,FALSE,,FALSE,FALSE
177,10,TRUE,2026-09-03 12:00,FALSE,,FALSE,TRUE
177,43,TRUE,2026-09-12 17:00,FALSE,,FALSE,FALSE
177,34,TRUE,2026-09-08 16:00,FALSE,,FALSE,TRUE
177,51,TRUE,2026-09-14 14:00,FALSE,,FALSE,TRUE
177,40,TRUE,2026-09-05 17:00,FALSE,,FALSE,FALSE
177,47,TRUE,2026-09-06 13:00,FALSE,,FALSE,FALSE
177,8,TRUE,2026-09-02 12:00,FALSE,,FALSE,FALSE
177,24,TRUE,2026-09-02 13:00,FALSE,,FALSE,TRUE
177,41,TRUE,2026-09-09 14:00,FALSE,,FALSE,TRUE
178,38,TRUE,2026-09-14 08:00,FALSE,,FALSE,FALSE
178,49,FALSE,,FALSE,,TRUE,FALSE
178,11,TRUE,2026-09-14 11:00,FALSE,,FALSE,FALSE
178,12,FALSE,,FALSE,,FALSE,FALSE
178,13,TRUE,2026-09-03 15:00,FALSE,,FALSE,FALSE
178,32,TRUE,2026-09-12 10:00,FALSE,,FALSE,TRUE
178,6,TRUE,2026-09-06 08:00,FALSE,,FALSE,FALSE
178,7,TRUE,2026-09-14 16:00,FALSE,,TRUE,TRUE
178,17,TRUE,2026-09-05 15:00,FALSE,,TRUE,TRUE
178,8,TRUE,2026-09-10 10:00,FALSE,,FALSE,FALSE
178,54,TRUE,2026-09-11 09:00,FALSE,,FALSE,FALSE
178,18,TRUE,2026-09-13 08:00,FALSE,,FALSE,FALSE
178,28,TRUE,2026-09-11 17:00,FALSE,,FALSE,TRUE
178,29,TRUE,2026-09-04 08:00,FALSE,,FALSE,FALSE
178,30,TRUE,2026-09-14 10:00,FALSE,,FALSE,FALSE
178,10,TRUE,2026-09-12 14:00,FALSE,,FALSE,FALSE
182,54,TRUE,2026-09-16 11:00,FALSE,,TRUE,TRUE
182,47,TRUE,2026-09-14 10:00,TRUE,2026-09-14 11:00,FALSE,FALSE
182,23,TRUE,2026-09-08 17:00,TRUE,2026-09-08 18:16,FALSE,FALSE
182,40,TRUE,2026-09-14 14:00,TRUE,2026-09-14 14:08,FALSE,FALSE
182,46,TRUE,2026-09-10 11:00,TRUE,2026-09-10 11:33,FALSE,FALSE
182,43,TRUE,2026-09-12 11:00,TRUE,2026-09-12 12:11,FALSE,TRUE
182,49,TRUE,2026-09-15 12:00,TRUE,2026-09-15 13:59,FALSE,FALSE
182,34,TRUE,2026-09-04 17:00,TRUE,2026-09-04 17:48,FALSE,TRUE
182,10,TRUE,2026-09-08 17:00,TRUE,2026-09-08 18:14,FALSE,FALSE
182,38,TRUE,2026-09-14 16:00,TRUE,2026-09-14 16:53,FALSE,FALSE
182,52,TRUE,2026-09-05 08:00,TRUE,2026-09-05 09:48,FALSE,FALSE
182,14,TRUE,2026-09-04 11:00,TRUE,2026-09-04 11:45,FALSE,TRUE
182,39,TRUE,2026-09-06 11:00,TRUE,2026-09-06 11:56,FALSE,FALSE
182,28,TRUE,2026-09-06 16:00,FALSE,,TRUE,TRUE
182,29,TRUE,2026-09-04 15:00,TRUE,2026-09-04 15:05,FALSE,TRUE
182,20,TRUE,2026-09-08 14:00,FALSE,,FALSE,TRUE
182,48,TRUE,2026-09-10 11:00,FALSE,,FALSE,TRUE
182,26,TRUE,2026-09-15 08:00,FALSE,,FALSE,FALSE
182,11,TRUE,2026-09-06 09:00,FALSE,,FALSE,TRUE
182,45,TRUE,2026-09-09 14:00,TRUE,2026-09-09 15:55,FALSE,FALSE
182,5,TRUE,2026-09-09 18:00,TRUE,2026-09-09 18:23,FALSE,FALSE
182,51,TRUE,2026-09-06 08:00,TRUE,2026-09-06 09:01,FALSE,FALSE
182,21,TRUE,2026-09-13 15:00,TRUE,2026-09-13 16:37,FALSE,TRUE
182,35,TRUE,2026-09-11 10:00,FALSE,,FALSE,FALSE
182,44,TRUE,2026-09-13 18:00,TRUE,2026-09-13 18:54,TRUE,TRUE
182,24,TRUE,2026-09-16 17:00,FALSE,,FALSE,FALSE
182,36,TRUE,2026-09-12 16:00,FALSE,,TRUE,FALSE
183,19,TRUE,2026-09-07 10:00,TRUE,2026-09-07 11:14,FALSE,FALSE
183,10,TRUE,2026-09-05 15:00,FALSE,,FALSE,FALSE
183,13,TRUE,2026-09-02 10:00,TRUE,2026-09-02 10:46,FALSE,TRUE
183,25,TRUE,2026-09-02 09:00,TRUE,2026-09-02 09:41,TRUE,FALSE
183,27,TRUE,2026-09-06 09:00,TRUE,2026-09-06 10:13,FALSE,FALSE
183,15,TRUE,2026-09-14 15:00,TRUE,2026-09-14 15:26,TRUE,FALSE
183,17,TRUE,2026-09-12 09:00,TRUE,2026-09-12 10:59,TRUE,FALSE
183,50,TRUE,2026-09-12 11:00,FALSE,,TRUE,FALSE
183,30,TRUE,2026-09-07 15:00,TRUE,2026-09-07 16:32,FALSE,FALSE
183,11,TRUE,2026-09-15 11:00,TRUE,2026-09-15 12:14,FALSE,FALSE
183,34,TRUE,2026-09-10 18:00,TRUE,2026-09-10 18:57,FALSE,FALSE
183,39,TRUE,2026-09-13 08:00,TRUE,2026-09-13 09:34,FALSE,FALSE
183,53,TRUE,2026-09-12 09:00,TRUE,2026-09-12 10:34,FALSE,TRUE
183,44,TRUE,2026-09-16 14:00,TRUE,2026-09-16 15:48,FALSE,TRUE
183,5,TRUE,2026-09-02 14:00,TRUE,2026-09-02 14:15,FALSE,FALSE
183,18,TRUE,2026-09-07 13:00,TRUE,2026-09-07 13:16,TRUE,FALSE
183,49,TRUE,2026-09-02 13:00,TRUE,2026-09-02 14:02,TRUE,FALSE
183,45,TRUE,2026-09-04 09:00,TRUE,2026-09-04 10:43,TRUE,FALSE
183,42,TRUE,2026-09-07 17:00,TRUE,2026-09-07 18:03,FALSE,TRUE
183,24,TRUE,2026-09-10 18:00,FALSE,,FALSE,FALSE
183,36,TRUE,2026-09-10 08:00,TRUE,2026-09-10 08:21,TRUE,FALSE
183,40,TRUE,2026-09-02 17:00,TRUE,2026-09-02 17:34,FALSE,FALSE
183,48,TRUE,2026-09-11 12:00,TRUE,2026-09-11 12:42,FALSE,FALSE
183,8,TRUE,2026-09-15 17:00,TRUE,2026-09-15 18:25,FALSE,FALSE
183,12,TRUE,2026-09-12 16:00,TRUE,2026-09-12 17:48,FALSE,FALSE
183,29,TRUE,2026-09-03 13:00,TRUE,2026-09-03 13:35,TRUE,FALSE
183,43,TRUE,2026-09-05 16:00,TRUE,2026-09-05 17:29,FALSE,TRUE
183,46,TRUE,2026-09-08 09:00,TRUE,2026-09-08 09:13,FALSE,FALSE
183,21,TRUE,2026-09-11 16:00,TRUE,2026-09-11 17:14,FALSE,FALSE
185,37,TRUE,2026-09-07 18:00,TRUE,2026-09-07 18:09,FALSE,FALSE
185,36,TRUE,2026-09-10 10:00,TRUE,2026-09-10 10:48,TRUE,FALSE
185,50,TRUE,2026-09-10 14:00,TRUE,2026-09-10 14:55,FALSE,FALSE
185,14,TRUE,2026-09-06 10:00,TRUE,2026-09-06 11:26,TRUE,FALSE
185,13,TRUE,2026-09-15 12:00,TRUE,2026-09-15 13:51,TRUE,TRUE
185,25,TRUE,2026-09-16 17:00,TRUE,2026-09-16 17:48,FALSE,FALSE
185,38,TRUE,2026-09-16 13:00,FALSE,,FALSE,FALSE
185,41,TRUE,2026-09-04 13:00,TRUE,2026-09-04 14:18,FALSE,TRUE
185,17,TRUE,2026-09-13 11:00,FALSE,,FALSE,FALSE
185,53,TRUE,2026-09-15 16:00,FALSE,,FALSE,FALSE
185,7,FALSE,,FALSE,,FALSE,FALSE
185,39,TRUE,2026-09-15 16:00,FALSE,,FALSE,TRUE
185,49,TRUE,2026-09-06 12:00,FALSE,,FALSE,FALSE
185,48,TRUE,2026-09-12 16:00,TRUE,2026-09-12 16:14,TRUE,FALSE
185,5,TRUE,2026-09-09 10:00,FALSE,,FALSE,FALSE
185,30,TRUE,2026-09-06 08:00,FALSE,,FALSE,FALSE
185,16,FALSE,,FALSE,,FALSE,FALSE
185,20,TRUE,2026-09-05 09:00,FALSE,,FALSE,FALSE
185,28,TRUE,2026-09-08 15:00,TRUE,2026-09-08 16:12,FALSE,TRUE
185,6,TRUE,2026-09-07 08:00,FALSE,,FALSE,TRUE
185,27,TRUE,2026-09-15 18:00,TRUE,2026-09-15 18:41,TRUE,TRUE
185,52,FALSE,,FALSE,,FALSE,FALSE
185,40,TRUE,2026-09-03 17:00,TRUE,2026-09-03 18:16,FALSE,FALSE
185,26,TRUE,2026-09-09 08:00,FALSE,,FALSE,TRUE
185,47,TRUE,2026-09-15 13:00,TRUE,2026-09-15 14:58,FALSE,FALSE
185,29,TRUE,2026-09-14 14:00,TRUE,2026-09-14 14:46,TRUE,FALSE
185,46,TRUE,2026-09-14 15:00,TRUE,2026-09-14 15:40,FALSE,FALSE
185,45,TRUE,2026-09-07 16:00,FALSE,,FALSE,FALSE
187,51,TRUE,2026-09-12 11:00,FALSE,,FALSE,FALSE
187,42,TRUE,2026-09-15 09:00,TRUE,2026-09-15 10:56,FALSE,FALSE
187,32,TRUE,2026-09-09 08:00,TRUE,2026-09-09 09:26,FALSE,FALSE
187,28,TRUE,2026-09-03 12:00,FALSE,,TRUE,FALSE
187,25,TRUE,2026-09-11 17:00,TRUE,2026-09-11 18:07,FALSE,TRUE
187,44,TRUE,2026-09-16 11:00,TRUE,2026-09-16 13:00,FALSE,FALSE
187,23,TRUE,2026-09-12 14:00,FALSE,,FALSE,FALSE
187,16,TRUE,2026-09-13 10:00,TRUE,2026-09-13 10:41,FALSE,TRUE
187,37,TRUE,2026-09-14 10:00,TRUE,2026-09-14 11:48,TRUE,FALSE
187,13,TRUE,2026-09-03 10:00,FALSE,,FALSE,TRUE
187,24,FALSE,,FALSE,,FALSE,FALSE
187,12,TRUE,2026-09-02 09:00,TRUE,2026-09-02 09:58,FALSE,FALSE
187,10,TRUE,2026-09-09 13:00,FALSE,,FALSE,FALSE
187,52,TRUE,2026-09-03 18:00,TRUE,2026-09-03 19:45,FALSE,FALSE
187,26,TRUE,2026-09-06 13:00,TRUE,2026-09-06 13:39,FALSE,FALSE
187,6,TRUE,2026-09-02 13:00,FALSE,,FALSE,TRUE
187,45,TRUE,2026-09-13 15:00,TRUE,2026-09-13 16:29,FALSE,FALSE
187,5,TRUE,2026-09-10 10:00,TRUE,2026-09-10 10:20,FALSE,FALSE
187,7,TRUE,2026-09-05 11:00,TRUE,2026-09-05 12:36,FALSE,TRUE
187,39,TRUE,2026-09-04 08:00,FALSE,,FALSE,FALSE
187,9,TRUE,2026-09-11 11:00,TRUE,2026-09-11 12:57,FALSE,FALSE
187,30,TRUE,2026-09-07 18:00,TRUE,2026-09-07 18:14,FALSE,FALSE
187,14,TRUE,2026-09-05 10:00,FALSE,,FALSE,TRUE
187,47,TRUE,2026-09-15 16:00,FALSE,,FALSE,FALSE
187,50,TRUE,2026-09-09 18:00,TRUE,2026-09-09 19:40,TRUE,FALSE
188,23,TRUE,2026-09-13 09:00,FALSE,,FALSE,TRUE
188,20,TRUE,2026-09-10 16:00,FALSE,,FALSE,TRUE
188,6,TRUE,2026-09-03 10:00,TRUE,2026-09-03 10:55,FALSE,FALSE
188,41,FALSE,,FALSE,,FALSE,FALSE
188,26,FALSE,,FALSE,,FALSE,FALSE
188,21,TRUE,2026-09-12 15:00,TRUE,2026-09-12 16:09,TRUE,FALSE
188,49,TRUE,2026-09-13 13:00,TRUE,2026-09-13 13:50,FALSE,FALSE
188,51,TRUE,2026-09-02 08:00,FALSE,,FALSE,FALSE
188,36,TRUE,2026-09-12 09:00,TRUE,2026-09-12 10:54,FALSE,FALSE
188,44,TRUE,2026-09-07 10:00,TRUE,2026-09-07 11:56,FALSE,TRUE
188,12,TRUE,2026-09-02 10:00,TRUE,2026-09-02 10:26,FALSE,FALSE
188,16,TRUE,2026-09-07 18:00,FALSE,,FALSE,FALSE
188,33,TRUE,2026-09-13 16:00,FALSE,,FALSE,FALSE
188,42,FALSE,,FALSE,,FALSE,FALSE
188,5,TRUE,2026-09-11 15:00,FALSE,,TRUE,FALSE
188,43,FALSE,,FALSE,,FALSE,FALSE
188,39,TRUE,2026-09-03 18:00,TRUE,2026-09-03 19:03,FALSE,TRUE
188,47,TRUE,2026-09-03 17:00,TRUE,2026-09-03 18:31,FALSE,FALSE
188,9,TRUE,2026-09-04 10:00,FALSE,,FALSE,FALSE
188,10,TRUE,2026-09-07 18:00,TRUE,2026-09-07 19:12,FALSE,TRUE
188,52,TRUE,2026-09-11 11:00,FALSE,,FALSE,FALSE
188,15,TRUE,2026-09-10 08:00,TRUE,2026-09-10 09:03,FALSE,FALSE
188,45,TRUE,2026-09-10 09:00,FALSE,,FALSE,FALSE
188,50,FALSE,,FALSE,,FALSE,FALSE
188,24,TRUE,2026-09-10 10:00,TRUE,2026-09-10 11:55,FALSE,FALSE
188,19,TRUE,2026-09-04 17:00,FALSE,,FALSE,TRUE
188,48,TRUE,2026-09-13 13:00,TRUE,2026-09-13 13:49,FALSE,TRUE
190,52,TRUE,2026-09-05 14:00,TRUE,2026-09-05 15:15,FALSE,FALSE
190,54,TRUE,2026-09-16 10:00,FALSE,,FALSE,TRUE
190,46,TRUE,2026-09-14 10:00,FALSE,,TRUE,TRUE
190,5,TRUE,2026-09-07 17:00,FALSE,,FALSE,FALSE
190,18,FALSE,,FALSE,,FALSE,FALSE
190,47,TRUE,2026-09-03 14:00,TRUE,2026-09-03 15:20,FALSE,FALSE
190,41,TRUE,2026-09-06 16:00,TRUE,2026-09-06 18:00,FALSE,FALSE
190,43,TRUE,2026-09-04 18:00,TRUE,2026-09-04 18:05,FALSE,FALSE
190,27,TRUE,2026-09-05 08:00,FALSE,,FALSE,TRUE
190,13,TRUE,2026-09-09 17:00,TRUE,2026-09-09 18:26,FALSE,FALSE
190,42,TRUE,2026-09-11 09:00,TRUE,2026-09-11 10:20,FALSE,TRUE
190,36,TRUE,2026-09-08 10:00,TRUE,2026-09-08 10:37,FALSE,FALSE
190,6,TRUE,2026-09-06 15:00,TRUE,2026-09-06 15:19,FALSE,FALSE
190,11,TRUE,2026-09-14 16:00,FALSE,,FALSE,TRUE
190,19,TRUE,2026-09-08 16:00,FALSE,,FALSE,FALSE
190,34,TRUE,2026-09-09 10:00,TRUE,2026-09-09 10:10,FALSE,FALSE
190,12,TRUE,2026-09-12 13:00,TRUE,2026-09-12 13:23,FALSE,TRUE
191,26,TRUE,2026-09-06 13:00,TRUE,2026-09-06 13:40,FALSE,FALSE
191,50,TRUE,2026-09-03 11:00,FALSE,,FALSE,FALSE
191,8,TRUE,2026-09-10 18:00,TRUE,2026-09-10 18:59,FALSE,FALSE
191,34,TRUE,2026-09-05 09:00,TRUE,2026-09-05 09:47,FALSE,FALSE
191,10,TRUE,2026-09-05 17:00,TRUE,2026-09-05 18:50,TRUE,TRUE
191,17,TRUE,2026-09-15 14:00,TRUE,2026-09-15 15:00,TRUE,FALSE
191,37,TRUE,2026-09-10 11:00,TRUE,2026-09-10 12:34,TRUE,FALSE
191,7,FALSE,,FALSE,,FALSE,FALSE
191,31,TRUE,2026-09-07 18:00,TRUE,2026-09-07 19:41,FALSE,FALSE
191,33,TRUE,2026-09-09 18:00,TRUE,2026-09-09 18:37,FALSE,FALSE
191,11,TRUE,2026-09-05 16:00,TRUE,2026-09-05 17:15,FALSE,FALSE
191,20,TRUE,2026-09-15 18:00,TRUE,2026-09-15 19:18,FALSE,FALSE
191,52,TRUE,2026-09-03 13:00,TRUE,2026-09-03 13:10,FALSE,FALSE
191,51,FALSE,,FALSE,,FALSE,FALSE
191,19,TRUE,2026-09-09 14:00,TRUE,2026-09-09 15:12,TRUE,FALSE
191,54,TRUE,2026-09-05 15:00,TRUE,2026-09-05 16:32,FALSE,FALSE
191,53,TRUE,2026-09-13 12:00,FALSE,,TRUE,TRUE
191,42,TRUE,2026-09-09 12:00,TRUE,2026-09-09 13:07,FALSE,FALSE
198,16,TRUE,2026-09-12 10:00,FALSE,,FALSE,FALSE
198,53,TRUE,2026-09-10 10:00,FALSE,,FALSE,TRUE
198,25,TRUE,2026-09-12 08:00,TRUE,2026-09-12 09:29,FALSE,FALSE
198,32,TRUE,2026-09-16 16:00,TRUE,2026-09-16 17:47,FALSE,FALSE
198,54,TRUE,2026-09-11 17:00,TRUE,2026-09-11 18:09,TRUE,TRUE
198,18,TRUE,2026-09-04 09:00,FALSE,,FALSE,FALSE
198,37,TRUE,2026-09-10 18:00,TRUE,2026-09-10 18:42,TRUE,FALSE
198,47,TRUE,2026-09-15 09:00,TRUE,2026-09-15 09:56,TRUE,FALSE
198,42,TRUE,2026-09-14 09:00,TRUE,2026-09-14 10:57,TRUE,FALSE
198,43,TRUE,2026-09-05 17:00,TRUE,2026-09-05 18:09,FALSE,TRUE
198,23,TRUE,2026-09-02 08:00,FALSE,,FALSE,FALSE
198,46,TRUE,2026-09-03 10:00,TRUE,2026-09-03 10:53,FALSE,FALSE
198,41,TRUE,2026-09-14 18:00,TRUE,2026-09-14 18:25,FALSE,FALSE
198,12,TRUE,2026-09-06 10:00,TRUE,2026-09-06 10:59,FALSE,FALSE
198,33,TRUE,2026-09-14 14:00,TRUE,2026-09-14 15:30,TRUE,FALSE
198,5,TRUE,2026-09-06 08:00,TRUE,2026-09-06 08:34,FALSE,FALSE
198,9,TRUE,2026-09-14 17:00,TRUE,2026-09-14 17:50,FALSE,FALSE
198,21,TRUE,2026-09-05 10:00,TRUE,2026-09-05 11:31,TRUE,FALSE
198,15,TRUE,2026-09-07 14:00,TRUE,2026-09-07 15:44,TRUE,FALSE
198,40,TRUE,2026-09-12 18:00,TRUE,2026-09-12 18:28,FALSE,FALSE
198,49,TRUE,2026-09-08 18:00,FALSE,,FALSE,FALSE
198,51,TRUE,2026-09-06 17:00,TRUE,2026-09-06 17:39,FALSE,FALSE
199,33,FALSE,,FALSE,,TRUE,TRUE
199,5,TRUE,2026-09-06 16:00,TRUE,2026-09-06 17:34,FALSE,FALSE
199,14,TRUE,2026-09-04 12:00,TRUE,2026-09-04 12:24,TRUE,TRUE
199,40,TRUE,2026-09-11 09:00,TRUE,2026-09-11 10:24,TRUE,FALSE
199,26,FALSE,,FALSE,,TRUE,FALSE
199,11,TRUE,2026-09-13 11:00,TRUE,2026-09-13 12:41,TRUE,FALSE
199,29,TRUE,2026-09-15 11:00,TRUE,2026-09-15 11:18,FALSE,FALSE
199,52,TRUE,2026-09-02 13:00,FALSE,,FALSE,TRUE
199,15,TRUE,2026-09-10 09:00,TRUE,2026-09-10 10:44,TRUE,FALSE
199,27,TRUE,2026-09-16 12:00,TRUE,2026-09-16 13:08,FALSE,FALSE
199,42,FALSE,,FALSE,,FALSE,FALSE
199,20,TRUE,2026-09-06 12:00,FALSE,,FALSE,FALSE
199,31,FALSE,,FALSE,,FALSE,FALSE
199,22,TRUE,2026-09-13 09:00,TRUE,2026-09-13 09:21,FALSE,FALSE
199,39,TRUE,2026-09-10 18:00,FALSE,,FALSE,TRUE
199,51,FALSE,,FALSE,,FALSE,TRUE
199,13,TRUE,2026-09-06 09:00,TRUE,2026-09-06 09:57,FALSE,TRUE
200,25,TRUE,2026-09-03 13:00,FALSE,,FALSE,FALSE
200,44,TRUE,2026-09-03 09:00,TRUE,2026-09-03 10:37,FALSE,FALSE
200,16,TRUE,2026-09-14 15:00,TRUE,2026-09-14 15:36,FALSE,FALSE
200,30,TRUE,2026-09-07 09:00,FALSE,,FALSE,FALSE
200,45,FALSE,,FALSE,,TRUE,FALSE
200,29,TRUE,2026-09-14 14:00,FALSE,,FALSE,FALSE
200,21,TRUE,2026-09-04 09:00,TRUE,2026-09-04 09:38,FALSE,FALSE
200,39,TRUE,2026-09-02 08:00,FALSE,,FALSE,FALSE
200,32,TRUE,2026-09-06 16:00,TRUE,2026-09-06 16:37,FALSE,FALSE
200,53,TRUE,2026-09-08 18:00,TRUE,2026-09-08 19:45,TRUE,TRUE
200,47,TRUE,2026-09-08 15:00,TRUE,2026-09-08 15:46,FALSE,FALSE
200,20,FALSE,,FALSE,,FALSE,FALSE
200,42,TRUE,2026-09-07 15:00,TRUE,2026-09-07 15:48,FALSE,FALSE
200,51,TRUE,2026-09-06 13:00,TRUE,2026-09-06 13:29,FALSE,TRUE
200,40,FALSE,,FALSE,,FALSE,TRUE
200,33,TRUE,2026-09-14 14:00,TRUE,2026-09-14 15:45,FALSE,FALSE
200,24,TRUE,2026-09-07 12:00,FALSE,,FALSE,FALSE
200,37,TRUE,2026-09-05 08:00,FALSE,,TRUE,FALSE
200,49,TRUE,2026-09-03 10:00,FALSE,,FALSE,TRUE
200,23,TRUE,2026-09-16 15:00,TRUE,2026-09-16 16:05,FALSE,FALSE
200,14,TRUE,2026-09-03 14:00,FALSE,,FALSE,FALSE
200,27,TRUE,2026-09-03 13:00,TRUE,2026-09-03 14:54,FALSE,TRUE
201,8,TRUE,2026-09-12 14:00,FALSE,,FALSE,FALSE
201,5,TRUE,2026-09-02 11:00,FALSE,,FALSE,FALSE
201,39,TRUE,2026-09-09 13:00,FALSE,,FALSE,FALSE
201,53,TRUE,2026-09-08 16:00,FALSE,,FALSE,FALSE
201,11,TRUE,2026-09-12 10:00,FALSE,,FALSE,FALSE
201,35,TRUE,2026-09-06 10:00,FALSE,,FALSE,FALSE
201,42,TRUE,2026-09-10 13:00,FALSE,,TRUE,FALSE
201,38,TRUE,2026-09-06 08:00,FALSE,,FALSE,TRUE
201,30,TRUE,2026-09-12 13:00,FALSE,,FALSE,FALSE
201,49,TRUE,2026-09-15 11:00,FALSE,,TRUE,FALSE
201,36,TRUE,2026-09-05 10:00,FALSE,,TRUE,TRUE
201,40,TRUE,2026-09-10 17:00,FALSE,,FALSE,FALSE
201,13,TRUE,2026-09-11 09:00,FALSE,,FALSE,TRUE
201,17,TRUE,2026-09-05 11:00,FALSE,,FALSE,FALSE
201,10,TRUE,2026-09-04 15:00,FALSE,,FALSE,FALSE
201,16,TRUE,2026-09-10 14:00,FALSE,,FALSE,TRUE
201,27,TRUE,2026-09-07 08:00,FALSE,,FALSE,FALSE
201,33,TRUE,2026-09-11 14:00,FALSE,,TRUE,TRUE
201,51,TRUE,2026-09-13 18:00,FALSE,,FALSE,FALSE
201,34,TRUE,2026-09-05 13:00,FALSE,,FALSE,FALSE
201,46,TRUE,2026-09-11 11:00,FALSE,,FALSE,FALSE
201,48,TRUE,2026-09-02 18:00,FALSE,,FALSE,FALSE
201,19,TRUE,2026-09-08 15:00,FALSE,,FALSE,FALSE
201,9,TRUE,2026-09-15 14:00,FALSE,,FALSE,FALSE
201,47,TRUE,2026-09-16 18:00,FALSE,,TRUE,FALSE
201,18,TRUE,2026-09-15 16:00,FALSE,,FALSE,FALSE
201,37,TRUE,2026-09-03 15:00,FALSE,,FALSE,FALSE
202,5,TRUE,2026-09-10 16:00,TRUE,2026-09-10 17:58,TRUE,FALSE
202,46,FALSE,,FALSE,,TRUE,FALSE
202,48,TRUE,2026-09-04 15:00,FALSE,,TRUE,FALSE
202,53,TRUE,2026-09-05 08:00,TRUE,2026-09-05 09:55,FALSE,FALSE
202,47,TRUE,2026-09-08 12:00,FALSE,,FALSE,FALSE
202,25,TRUE,2026-09-05 17:00,TRUE,2026-09-05 18:11,FALSE,FALSE
202,20,TRUE,2026-09-03 18:00,TRUE,2026-09-03 19:08,FALSE,TRUE
202,51,TRUE,2026-09-16 17:00,FALSE,,FALSE,TRUE
202,43,TRUE,2026-09-13 17:00,TRUE,2026-09-13 17:32,FALSE,FALSE
202,12,TRUE,2026-09-02 10:00,FALSE,,TRUE,FALSE
202,14,TRUE,2026-09-08 15:00,TRUE,2026-09-08 15:19,FALSE,FALSE
202,39,TRUE,2026-09-11 18:00,TRUE,2026-09-11 19:47,FALSE,FALSE
202,34,TRUE,2026-09-10 09:00,TRUE,2026-09-10 09:29,FALSE,TRUE
202,37,TRUE,2026-09-16 11:00,TRUE,2026-09-16 11:42,TRUE,FALSE
202,41,TRUE,2026-09-03 17:00,TRUE,2026-09-03 17:11,FALSE,FALSE
202,21,TRUE,2026-09-14 16:00,TRUE,2026-09-14 16:29,FALSE,FALSE
202,29,TRUE,2026-09-07 18:00,TRUE,2026-09-07 18:09,FALSE,FALSE
202,32,TRUE,2026-09-09 14:00,TRUE,2026-09-09 14:05,FALSE,TRUE
204,52,TRUE,2026-09-02 15:00,TRUE,2026-09-02 15:17,FALSE,TRUE
204,42,TRUE,2026-09-06 17:00,TRUE,2026-09-06 18:11,FALSE,FALSE
204,29,TRUE,2026-09-05 14:00,TRUE,2026-09-05 14:30,FALSE,FALSE
204,33,TRUE,2026-09-11 17:00,TRUE,2026-09-11 17:25,FALSE,FALSE
204,9,FALSE,,FALSE,,FALSE,FALSE
204,26,TRUE,2026-09-16 18:00,TRUE,2026-09-16 19:05,FALSE,FALSE
204,6,TRUE,2026-09-14 17:00,FALSE,,FALSE,TRUE
204,7,TRUE,2026-09-07 15:00,TRUE,2026-09-07 16:17,FALSE,FALSE
204,32,TRUE,2026-09-05 10:00,FALSE,,FALSE,FALSE
204,46,TRUE,2026-09-07 15:00,TRUE,2026-09-07 16:25,FALSE,FALSE
204,54,TRUE,2026-09-08 08:00,FALSE,,FALSE,TRUE
204,45,TRUE,2026-09-16 17:00,TRUE,2026-09-16 17:22,TRUE,TRUE
204,22,TRUE,2026-09-10 13:00,TRUE,2026-09-10 13:20,FALSE,FALSE
204,10,TRUE,2026-09-12 10:00,TRUE,2026-09-12 10:54,FALSE,TRUE
204,50,FALSE,,FALSE,,FALSE,TRUE
204,5,TRUE,2026-09-06 09:00,TRUE,2026-09-06 10:20,FALSE,FALSE
204,30,TRUE,2026-09-04 10:00,TRUE,2026-09-04 11:06,FALSE,FALSE
204,28,TRUE,2026-09-14 12:00,TRUE,2026-09-14 12:51,FALSE,FALSE
204,24,TRUE,2026-09-07 18:00,FALSE,,FALSE,TRUE
204,43,TRUE,2026-09-14 16:00,FALSE,,TRUE,FALSE
204,47,TRUE,2026-09-07 15:00,TRUE,2026-09-07 16:35,FALSE,TRUE
204,27,FALSE,,FALSE,,FALSE,FALSE
204,34,TRUE,2026-09-07 14:00,FALSE,,FALSE,FALSE
204,51,TRUE,2026-09-06 15:00,TRUE,2026-09-06 16:09,FALSE,FALSE
204,12,TRUE,2026-09-13 12:00,FALSE,,FALSE,FALSE
