notice_id,title,content,category,audience,department,year,priority,publication_date,deadline,expiry_date,requires_acknowledgement,status
1,Emergency Maintenance: Power Shutdown in Academic Block B,"Official Notification from Greenfield Institute of Technology.

This notice serves to inform all eligible students from ECE (FIRST YEAR) regarding 'Emergency Maintenance: Power Shutdown in Academic Block B'. All concerned individuals must review the guidelines carefully. Failure to adhere to the given instructions by 2026-09-17 may result in administrative restrictions or forfeiture of opportunity.

Key Requirements:
1. Complete the mandatory registration form prior to the deadline.
2. Maintain an updated academic profile with the department coordinator.
3. Submit all required documentation directly to the department office.

For further inquiries, contact your respective department head or faculty coordinator.",Holiday,ECE FIRST YEAR,ECE,FIRST YEAR,HIGH,2026-09-05 00:00,2026-09-17,2026-09-22,TRUE,PUBLISHED
2,Submission of ALL Semester Project Reports,"Official Notification from Greenfield Institute of Technology.

This notice serves to inform all eligible students from ALL (FIRST YEAR) regarding 'Submission of ALL Semester Project Reports'. All concerned individuals must review the guidelines carefully. Failure to adhere to the given instructions by the stipulated deadline may result in administrative restrictions or forfeiture of opportunity.

Key Requirements:
1. Complete the mandatory registration form prior to the deadline.
2. Maintain an updated academic profile with the department coordinator.
3. Submit all required documentation directly to the department office.

For further inquiries, contact your respective department head or faculty coordinator.",Infrastructure,ALL FIRST YEAR,ALL,FIRST YEAR,CRITICAL,2026-09-01 00:00,,2026-10-01,TRUE,DRAFT
3,Annual Inter-Departmental Sports Meet Registration,"Official Notification from Greenfield Institute of Technology.

This notice serves to inform all eligible students from ALL (ALL) regarding 'Annual Inter-Departmental Sports Meet Registration'. All concerned individuals must review the guidelines carefully. Failure to adhere to the given instructions by 2026-09-29 may result in administrative restrictions or forfeiture of opportunity.

Key Requirements:
1. Complete the mandatory registration form prior to the deadline.
2. Maintain an updated academic profile with the department coordinator.
3. Submit all required documentation directly to the department office.

For further inquiries, contact your respective department head or faculty coordinator.",Internship,ALL ALL,ALL,ALL,LOW,2026-09-21 00:00,2026-09-29,2026-10-04,TRUE,ARCHIVED
4,Internship Opportunities at Global Tech Labs for EEE,"Official Notification from Greenfield Institute of Technology.

This notice serves to inform all eligible students from EEE (FIRST YEAR) regarding 'Internship Opportunities at Global Tech Labs for EEE'. All concerned individuals must review the guidelines carefully. Failure to adhere to the given instructions by the stipulated deadline may result in administrative restrictions or forfeiture of opportunity.

Key Requirements:
1. Complete the mandatory registration form prior to the deadline.
2. Maintain an updated academic profile with the department coordinator.
3. Submit all required documentation directly to the department office.

For further inquiries, contact your respective department head or faculty coordinator.",Fees,EEE FIRST YEAR,EEE,FIRST YEAR,MEDIUM,2026-09-09 00:00,,2026-10-09,TRUE,DRAFT
5,Hostel Mess Committee Meeting Notice,"Official Notification from Greenfield Institute of Technology.

This notice serves to inform all eligible students from IT (FIRST YEAR) regarding 'Hostel Mess Committee Meeting Notice'. All concerned individuals must review the guidelines carefully. Failure to adhere to the given instructions by 2026-09-11 may result in administrative restrictions or forfeiture of opportunity.

Key Requirements:
1. Complete the mandatory registration form prior to the deadline.
2. Maintain an updated academic profile with the department coordinator.
3. Submit all required documentation directly to the department office.

For further inquiries, contact your respective department head or faculty coordinator.",Emergency,IT FIRST YEAR,IT,FIRST YEAR,CRITICAL,2026-09-04 00:00,2026-09-11,2026-09-16,TRUE,PUBLISHED
6,Mid-Term Examination Schedule Released for EEE,"Official Notification from Greenfield Institute of Technology.

This notice serves to inform all eligible students from EEE (FIRST YEAR) regarding 'Mid-Term Examination Schedule Released for EEE'. All concerned individuals must review the guidelines carefully. Failure to adhere to the given instructions by the stipulated deadline may result in administrative restrictions or forfeiture of opportunity.

Key Requirements:
1. Complete the mandatory registration form prior to the deadline.
2. Maintain an updated academic profile with the department coordinator.
3. Submit all required documentation directly to the department office.

For further inquiries, contact your respective department head or faculty coordinator.",Club,EEE FIRST YEAR,EEE,FIRST YEAR,URGENT,2026-09-13 00:00,,2026-10-13,TRUE,ARCHIVED
7,Submission of IT Semester Project Reports,"Official Notification from Greenfield Institute of Technology.

This notice serves to inform all eligible students from IT (ALL) regarding 'Submission of IT Semester Project Reports'. All concerned individuals must review the guidelines carefully. Failure to adhere to the given instructions by 2026-09-11 may result in administrative restrictions or forfeiture of opportunity.

Key Requirements:
1. Complete the mandatory registration form prior to the deadline.
2. Maintain an updated academic profile with the department coordinator.
3. Submit all required documentation directly to the department office.

For further inquiries, contact your respective department head or faculty coordinator.",Workshop,IT ALL,IT,ALL,MEDIUM,2026-09-08 00:00,2026-09-11,2026-09-16,TRUE,PUBLISHED
8,Library Book Return & Fine Waiver Week,"Official Notification from Greenfield Institute of Technology.

This notice serves to inform all eligible students from ECE (FINAL YEAR) regarding 'Library Book Return & Fine Waiver Week'. All concerned individuals must review the guidelines carefully. Failure to adhere to the given instructions by 2026-09-11 may result in administrative restrictions or forfeiture of opportunity.

Key Requirements:
1. Complete the mandatory registration form prior to the deadline.
2. Maintain an updated academic profile with the department coordinator.
3. Submit all required documentation directly to the department office.

For further inquiries, contact your respective department head or faculty coordinator.",General,ECE FINAL YEAR,ECE,FINAL YEAR,HIGH,2026-09-06 00:00,2026-09-11,2026-09-16,TRUE,DRAFT
9,Campus Placement Aptitude Training Series,"Official Notification from Greenfield Institute of Technology.

This notice serves to inform all eligible students from EEE (FIRST YEAR) regarding 'Campus Placement Aptitude Training Series'. All concerned individuals must review the guidelines carefully. Failure to adhere to the given instructions by the stipulated deadline may result in administrative restrictions or forfeiture of opportunity.

Key Requirements:
1. Complete the mandatory registration form prior to the deadline.
2. Maintain an updated academic profile with the department coordinator.
3. Submit all required documentation directly to the department office.

For further inquiries, contact your respective department head or faculty coordinator.",Holiday,EEE FIRST YEAR,EEE,FIRST YEAR,CRITICAL,2026-09-08 00:00,,2026-10-08,TRUE,PUBLISHED
10,Submission of EEE Semester Project Reports,"Official Notification from Greenfield Institute of Technology.

This notice serves to inform all eligible students from EEE (ALL) regarding 'Submission of EEE Semester Project Reports'. All concerned individuals must review the guidelines carefully. Failure to adhere to the given instructions by 2026-09-22 may result in administrative restrictions or forfeiture of opportunity.

Key Requirements:
1. Complete the mandatory registration form prior to the deadline.
2. Maintain an updated academic profile with the department coordinator.
3. Submit all required documentation directly to the department office.

For further inquiries, contact your respective department head or faculty coordinator.",Scholarship,EEE ALL,EEE,ALL,MEDIUM,2026-09-08 00:00,2026-09-22,2026-09-27,FALSE,PUBLISHED
11,Internship Opportunities at Global Tech Labs for EEE,"Official Notification from Greenfield Institute of Technology.

This notice serves to inform all eligible students from EEE (FIRST YEAR) regarding 'Internship Opportunities at Global Tech Labs for EEE'. All concerned individuals must review the guidelines carefully. Failure to adhere to the given instructions by 2026-09-15 may result in administrative restrictions or forfeiture of opportunity.

Key Requirements:
1. Complete the mandatory registration form prior to the deadline.
2. Maintain an updated academic profile with the department coordinator.
3. Submit all required documentation directly to the department office.

For further inquiries, contact your respective department head or faculty coordinator.",Scholarship,EEE FIRST YEAR,EEE,FIRST YEAR,MEDIUM,2026-09-07 00:00,2026-09-15,2026-09-20,FALSE,ARCHIVED
12,Campus Placement Aptitude Training Series,"Official Notification from Greenfield Institute of Technology.

This notice serves to inform all eligible students from EEE (SECOND YEAR) regarding 'Campus Placement Aptitude Training Series'. All concerned individuals must review the guidelines carefully. Failure to adhere to the given instructions by 2026-09-17 may result in administrative restrictions or forfeiture of opportunity.

Key Requirements:
1. Complete the mandatory registration form prior to the deadline.
2. Maintain an updated academic profile with the department coordinator.
3. Submit all required documentation directly to the department office.

For further inquiries, contact your respective department head or faculty coordinator.",Placement,EEE SECOND YEAR,EEE,SECOND YEAR,MEDIUM,2026-09-09 00:00,2026-09-17,2026-09-22,TRUE,ARCHIVED
13,Code of Conduct and Anti-Ragging Mandatory Briefing,"Official Notification from Greenfield Institute of Technology.

This notice serves to inform all eligible students from AI (THIRD YEAR) regarding 'Code of Conduct and Anti-Ragging Mandatory Briefing'. All concerned individuals must review the guidelines carefully. Failure to adhere to the given instructions by the stipulated deadline may result in administrative restrictions or forfeiture of opportunity.

Key Requirements:
1. Complete the mandatory registration form prior to the deadline.
2. Maintain an updated academic profile with the department coordinator.
3. Submit all required documentation directly to the department office.

For further inquiries, contact your respective department head or faculty coordinator.",Club,AI THIRD YEAR,AI,THIRD YEAR,MEDIUM,2026-09-16 00:00,,2026-10-16,TRUE,PUBLISHED
14,Holiday Announcement: Founder's Day Celebration,"Official Notification from Greenfield Institute of Technology.

This notice serves to inform all eligible students from ECE (SECOND YEAR) regarding 'Holiday Announcement: Founder's Day Celebration'. All concerned individuals must review the guidelines carefully. Failure to adhere to the given instructions by 2026-09-14 may result in administrative restrictions or forfeiture of opportunity.

Key Requirements:
1. Complete the mandatory registration form prior to the deadline.
2. Maintain an updated academic profile with the department coordinator.
3. Submit all required documentation directly to the department office.

For further inquiries, contact your respective department head or faculty coordinator.",General,ECE SECOND YEAR,ECE,SECOND YEAR,MEDIUM,2026-09-03 00:00,2026-09-14,2026-09-19,FALSE,DRAFT
15,Campus Placement Aptitude Training Series,"Official Notification from Greenfield Institute of Technology.

This notice serves to inform all eligible students from EEE (ALL) regarding 'Campus Placement Aptitude Training Series'. All concerned individuals must review the guidelines carefully. Failure to adhere to the given instructions by 2026-09-16 may result in administrative restrictions or forfeiture of opportunity.

Key Requirements:
1. Complete the mandatory registration form prior to the deadline.
2. Maintain an updated academic profile with the department coordinator.
3. Submit all required documentation directly to the department office.

For further inquiries, contact your respective department head or faculty coordinator.",Sports,EEE ALL,EEE,ALL,LOW,2026-09-09 00:00,2026-09-16,2026-09-21,TRUE,PUBLISHED
16,Guest Lecture on Quantum Computing by Dr. Aris Thorne,"Official Notification from Greenfield Institute of Technology.

This notice serves to inform all eligible students from AI (SECOND YEAR) regarding 'Guest Lecture on Quantum Computing by Dr. Aris Thorne'. All concerned individuals must review the guidelines carefully. Failure to adhere to the given instructions by 2026-09-27 may result in administrative restrictions or forfeiture of opportunity.

Key Requirements:
1. Complete the mandatory registration form prior to the deadline.
2. Maintain an updated academic profile with the department coordinator.
3. Submit all required documentation directly to the department office.

For further inquiries, contact your respective department head or faculty coordinator.",Workshop,AI SECOND YEAR,AI,SECOND YEAR,URGENT,2026-09-17 00:00,2026-09-27,2026-10-02,TRUE,PUBLISHED
17,Merit Scholarship Applications Open for ALL,"Official Notification from Greenfield Institute of Technology.

This notice serves to inform all eligible students from EEE (ALL) regarding 'Merit Scholarship Applications Open for ALL'. All concerned individuals must review the guidelines carefully. Failure to adhere to the given instructions by 2026-09-22 may result in administrative restrictions or forfeiture of opportunity.

Key Requirements:
1. Complete the mandatory registration form prior to the deadline.
2. Maintain an updated academic profile with the department coordinator.
3. Submit all required documentation directly to the department office.

For further inquiries, contact your respective department head or faculty coordinator.",Exam,EEE ALL,EEE,ALL,CRITICAL,2026-09-12 00:00,2026-09-22,2026-09-27,TRUE,PUBLISHED
18,Internship Opportunities at Global Tech Labs for ALL,"Official Notification from Greenfield Institute of Technology.

This notice serves to inform all eligible students from ALL (FIRST YEAR) regarding 'Internship Opportunities at Global Tech Labs for ALL'. All concerned individuals must review the guidelines carefully. Failure to adhere to the given instructions by the stipulated deadline may result in administrative restrictions or forfeiture of opportunity.

Key Requirements:
1. Complete the mandatory registration form prior to the deadline.
2. Maintain an updated academic profile with the department coordinator.
3. Submit all required documentation directly to the department office.

For further inquiries, contact your respective department head or faculty coordinator.",Emergency,ALL FIRST YEAR,ALL,FIRST YEAR,CRITICAL,2026-09-16 00:00,,2026-10-16,TRUE,ARCHIVED
19,Laboratory Exam Schedule for EEE SECOND YEAR,"Official Notification from Greenfield Institute of Technology.

This notice serves to inform all eligible students from EEE (SECOND YEAR) regarding 'Laboratory Exam Schedule for EEE SECOND YEAR'. All concerned individuals must review the guidelines carefully. Failure to adhere to the given instructions by the stipulated deadline may result in administrative restrictions or forfeiture of opportunity.

Key Requirements:
1. Complete the mandatory registration form prior to the deadline.
2. Maintain an updated academic profile with the department coordinator.
3. Submit all required documentation directly to the department office.

For further inquiries, contact your respective department head or faculty coordinator.",Event,EEE SECOND YEAR,EEE,SECOND YEAR,LOW,2026-09-03 00:00,,2026-10-03,FALSE,PUBLISHED
20,IEEE Student Chapter Recruitment Drive,"Official Notification from Greenfield Institute of Technology.

This notice serves to inform all eligible students from ECE (ALL) regarding 'IEEE Student Chapter Recruitment Drive'. All concerned individuals must review the guidelines carefully. Failure to adhere to the given instructions by the stipulated deadline may result in administrative restrictions or forfeiture of opportunity.

Key Requirements:
1. Complete the mandatory registration form prior to the deadline.
2. Maintain an updated academic profile with the department coordinator.
3. Submit all required documentation directly to the department office.

For further inquiries, contact your respective department head or faculty coordinator.",General,ECE ALL,ECE,ALL,MEDIUM,2026-09-18 00:00,,2026-10-18,FALSE,PUBLISHED
21,Library Book Return & Fine Waiver Week,"Official Notification from Greenfield Institute of Technology.

This notice serves to inform all eligible students from ALL (SECOND YEAR) regarding 'Library Book Return & Fine Waiver Week'. All concerned individuals must review the guidelines carefully. Failure to adhere to the given instructions by 2026-09-24 may result in administrative restrictions or forfeiture of opportunity.

Key Requirements:
1. Complete the mandatory registration form prior to the deadline.
2. Maintain an updated academic profile with the department coordinator.
3. Submit all required documentation directly to the department office.

For further inquiries, contact your respective department head or faculty coordinator.",Internship,ALL SECOND YEAR,ALL,SECOND YEAR,HIGH,2026-09-15 00:00,2026-09-24,2026-09-29,TRUE,DRAFT
22,Final Year CIVIL Placement Drive with TechCorp,"Official Notification from Greenfield Institute of Technology.

This notice serves to inform all eligible students from CIVIL (SECOND YEAR) regarding 'Final Year CIVIL Placement Drive with TechCorp'. All concerned individuals must review the guidelines carefully. Failure to adhere to the given instructions by 2026-09-30 may result in administrative restrictions or forfeiture of opportunity.

Key Requirements:
1. Complete the mandatory registration form prior to the deadline.
2. Maintain an updated academic profile with the department coordinator.
3. Submit all required documentation directly to the department office.

For further inquiries, contact your respective department head or faculty coordinator.",Exam,CIVIL SECOND YEAR,CIVIL,SECOND YEAR,LOW,2026-09-19 00:00,2026-09-30,2026-10-05,TRUE,PUBLISHED
23,Mandatory Workshop on Artificial Intelligence for FIRST YEAR Students,"Official Notification from Greenfield Institute of Technology.

This notice serves to inform all eligible students from CSE (FIRST YEAR) regarding 'Mandatory Workshop on Artificial Intelligence for FIRST YEAR Students'. All concerned individuals must review the guidelines carefully. Failure to adhere to the given instructions by 2026-09-05 may result in administrative restrictions or forfeiture of opportunity.

Key Requirements:
1. Complete the mandatory registration form prior to the deadline.
2. Maintain an updated academic profile with the department coordinator.
3. Submit all required documentation directly to the department office.

For further inquiries, contact your respective department head or faculty coordinator.",Internship,CSE FIRST YEAR,CSE,FIRST YEAR,LOW,2026-09-02 00:00,2026-09-05,2026-09-10,TRUE,PUBLISHED
24,Laboratory Exam Schedule for DS SECOND YEAR,"Official Notification from Greenfield Institute of Technology.

This notice serves to inform all eligible students from DS (SECOND YEAR) regarding 'Laboratory Exam Schedule for DS SECOND YEAR'. All concerned individuals must review the guidelines carefully. Failure to adhere to the given instructions by 2026-10-03 may result in administrative restrictions or forfeiture of opportunity.

Key Requirements:
1. Complete the mandatory registration form prior to the deadline.
2. Maintain an updated academic profile with the department coordinator.
3. Submit all required documentation directly to the department office.

For further inquiries, contact your respective department head or faculty coordinator.",Workshop,DS SECOND YEAR,DS,SECOND YEAR,CRITICAL,2026-09-19 00:00,2026-10-03,2026-10-08,TRUE,PUBLISHED
25,National Level Technical Symposium 'AI TechPulse 2026',"Official Notification from Greenfield Institute of Technology.

This notice serves to inform all eligible students from AI (SECOND YEAR) regarding 'National Level Technical Symposium 'AI TechPulse 2026''. All concerned individuals must review the guidelines carefully. Failure to adhere to the given instructions by 2026-09-21 may result in administrative restrictions or forfeiture of opportunity.

Key Requirements:
1. Complete the mandatory registration form prior to the deadline.
2. Maintain an updated academic profile with the department coordinator.
3. Submit all required documentation directly to the department office.

For further inquiries, contact your respective department head or faculty coordinator.",Fees,AI SECOND YEAR,AI,SECOND YEAR,LOW,2026-09-12 00:00,2026-09-21,2026-09-26,TRUE,PUBLISHED
26,Internship Opportunities at Global Tech Labs for CSE,"Official Notification from Greenfield Institute of Technology.

This notice serves to inform all eligible students from CSE (FIRST YEAR) regarding 'Internship Opportunities at Global Tech Labs for CSE'. All concerned individuals must review the guidelines carefully. Failure to adhere to the given instructions by the stipulated deadline may result in administrative restrictions or forfeiture of opportunity.

Key Requirements:
1. Complete the mandatory registration form prior to the deadline.
2. Maintain an updated academic profile with the department coordinator.
3. Submit all required documentation directly to the department office.

For further inquiries, contact your respective department head or faculty coordinator.",General,CSE FIRST YEAR,CSE,FIRST YEAR,LOW,2026-09-04 00:00,,2026-10-04,TRUE,DRAFT
27,Guest Lecture on Quantum Computing by Dr. Aris Thorne,"Official Notification from Greenfield Institute of Technology.

This notice serves to inform all eligible students from DS (SECOND YEAR) regarding 'Guest Lecture on Quantum Computing by Dr. Aris Thorne'. All concerned individuals must review the guidelines carefully. Failure to adhere to the given instructions by the stipulated deadline may result in administrative restrictions or forfeiture of opportunity.

Key Requirements:
1. Complete the mandatory registration form prior to the deadline.
2. Maintain an updated academic profile with the department coordinator.
3. Submit all required documentation directly to the department office.

For further inquiries, contact your respective department head or faculty coordinator.",Sports,DS SECOND YEAR,DS,SECOND YEAR,URGENT,2026-09-15 00:00,,2026-10-15,TRUE,PUBLISHED
28,Campus Placement Aptitude Training Series,"Official Notification from Greenfield Institute of Technology.

This notice serves to inform all eligible students from DS (ALL) regarding 'Campus Placement Aptitude Training Series'. All concerned individuals must review the guidelines carefully. Failure to adhere to the given instructions by 2026-09-15 may result in administrative restrictions or forfeiture of opportunity.

Key Requirements:
1. Complete the mandatory registration form prior to the deadline.
2. Maintain an updated academic profile with the department coordinator.
3. Submit all required documentation directly to the department office.

For further inquiries, contact your respective department head or faculty coordinator.",Exam,DS ALL,DS,ALL,LOW,2026-09-01 00:00,2026-09-15,2026-09-20,TRUE,PUBLISHED
29,IEEE Student Chapter Recruitment Drive,"Official Notification from Greenfield Institute of Technology.

This notice serves to inform all eligible students from CIVIL (SECOND YEAR) regarding 'IEEE Student Chapter Recruitment Drive'. All concerned individuals must review the guidelines carefully. Failure to adhere to the given instructions by 2026-09-09 may result in administrative restrictions or forfeiture of opportunity.

Key Requirements:
1. Complete the mandatory registration form prior to the deadline.
2. Maintain an updated academic profile with the department coordinator.
3. Submit all required documentation directly to the department office.

For further inquiries, contact your respective department head or faculty coordinator.",General,CIVIL SECOND YEAR,CIVIL,SECOND YEAR,URGENT,2026-09-07 00:00,2026-09-09,2026-09-14,TRUE,DRAFT
30,Notice Regarding Attendance Shortage Rules,"Official Notification from Greenfield Institute of Technology.

This notice serves to inform all eligible students from AI (FIRST YEAR) regarding 'Notice Regarding Attendance Shortage Rules'. All concerned individuals must review the guidelines carefully. Failure to adhere to the given instructions by 2026-09-23 may result in administrative restrictions or forfeiture of opportunity.

Key Requirements:
1. Complete the mandatory registration form prior to the deadline.
2. Maintain an updated academic profile with the department coordinator.
3. Submit all required documentation directly to the department office.

For further inquiries, contact your respective department head or faculty coordinator.",Placement,AI FIRST YEAR,AI,FIRST YEAR,URGENT,2026-09-10 00:00,2026-09-23,2026-09-28,TRUE,PUBLISHED
31,Annual Inter-Departmental Sports Meet Registration,"Official Notification from Greenfield Institute of Technology.

This notice serves to inform all eligible students from ALL (FINAL YEAR) regarding 'Annual Inter-Departmental Sports Meet Registration'. All concerned individuals must review the guidelines carefully. Failure to adhere to the given instructions by the stipulated deadline may result in administrative restrictions or forfeiture of opportunity.

Key Requirements:
1. Complete the mandatory registration form prior to the deadline.
2. Maintain an updated academic profile with the department coordinator.
3. Submit all required documentation directly to the department office.

For further inquiries, contact your respective department head or faculty coordinator.",Emergency,ALL FINAL YEAR,ALL,FINAL YEAR,CRITICAL,2026-09-10 00:00,,2026-10-10,TRUE,PUBLISHED
32,Submission of ALL Semester Project Reports,"Official Notification from Greenfield Institute of Technology.

This notice serves to inform all eligible students from ALL (FIRST YEAR) regarding 'Submission of ALL Semester Project Reports'. All concerned individuals must review the guidelines carefully. Failure to adhere to the given instructions by 2026-09-29 may result in administrative restrictions or forfeiture of opportunity.

Key Requirements:
1. Complete the mandatory registration form prior to the deadline.
2. Maintain an updated academic profile with the department coordinator.
3. Submit all required documentation directly to the department office.

For further inquiries, contact your respective department head or faculty coordinator.",Academic,ALL FIRST YEAR,ALL,FIRST YEAR,HIGH,2026-09-19 00:00,2026-09-29,2026-10-04,TRUE,PUBLISHED
33,Mandatory Workshop on Artificial Intelligence for ALL Students,"Official Notification from Greenfield Institute of Technology.

This notice serves to inform all eligible students from CSE (ALL) regarding 'Mandatory Workshop on Artificial Intelligence for ALL Students'. All concerned individuals must review the guidelines carefully. Failure to adhere to the given instructions by the stipulated deadline may result in administrative restrictions or forfeiture of opportunity.

Key Requirements:
1. Complete the mandatory registration form prior to the deadline.
2. Maintain an updated academic profile with the department coordinator.
3. Submit all required documentation directly to the department office.

For further inquiries, contact your respective department head or faculty coordinator.",Placement,CSE ALL,CSE,ALL,LOW,2026-09-20 00:00,,2026-10-20,TRUE,PUBLISHED
34,Emergency Maintenance: Power Shutdown in Academic Block B,"Official Notification from Greenfield Institute of Technology.

This notice serves to inform all eligible students from CIVIL (FINAL YEAR) regarding 'Emergency Maintenance: Power Shutdown in Academic Block B'. All concerned individuals must review the guidelines carefully. Failure to adhere to the given instructions by 2026-09-30 may result in administrative restrictions or forfeiture of opportunity.

Key Requirements:
1. Complete the mandatory registration form prior to the deadline.
2. Maintain an updated academic profile with the department coordinator.
3. Submit all required documentation directly to the department office.

For further inquiries, contact your respective department head or faculty coordinator.",General,CIVIL FINAL YEAR,CIVIL,FINAL YEAR,LOW,2026-09-19 00:00,2026-09-30,2026-10-05,TRUE,ARCHIVED
35,Internship Opportunities at Global Tech Labs for ALL,"Official Notification from Greenfield Institute of Technology.

This notice serves to inform all eligible students from ALL (THIRD YEAR) regarding 'Internship Opportunities at Global Tech Labs for ALL'. All concerned individuals must review the guidelines carefully. Failure to adhere to the given instructions by the stipulated deadline may result in administrative restrictions or forfeiture of opportunity.

Key Requirements:
1. Complete the mandatory registration form prior to the deadline.
2. Maintain an updated academic profile with the department coordinator.
3. Submit all required documentation directly to the department office.

For further inquiries, contact your respective department head or faculty coordinator.",Scholarship,ALL THIRD YEAR,ALL,THIRD YEAR,HIGH,2026-09-08 00:00,,2026-10-08,TRUE,PUBLISHED
36,Final Year EEE Placement Drive with TechCorp,"Official Notification from Greenfield Institute of Technology.

This notice serves to inform all eligible students from EEE (FINAL YEAR) regarding 'Final Year EEE Placement Drive with TechCorp'. All concerned individuals must review the guidelines carefully. Failure to adhere to the given instructions by 2026-09-26 may result in administrative restrictions or forfeiture of opportunity.

Key Requirements:
1. Complete the mandatory registration form prior to the deadline.
2. Maintain an updated academic profile with the department coordinator.
3. Submit all required documentation directly to the department office.

For further inquiries, contact your respective department head or faculty coordinator.",Placement,EEE FINAL YEAR,EEE,FINAL YEAR,HIGH,2026-09-15 00:00,2026-09-26,2026-10-01,TRUE,PUBLISHED
37,Guest Lecture on Quantum Computing by Dr. Aris Thorne,"Official Notification from Greenfield Institute of Technology.

This notice serves to inform all eligible students from ECE (ALL) regarding 'Guest Lecture on Quantum Computing by Dr. Aris Thorne'. All concerned individuals must review the guidelines carefully. Failure to adhere to the given instructions by 2026-09-08 may result in administrative restrictions or forfeiture of opportunity.

Key Requirements:
1. Complete the mandatory registration form prior to the deadline.
2. Maintain an updated academic profile with the department coordinator.
3. Submit all required documentation directly to the department office.

For further inquiries, contact your respective department head or faculty coordinator.",Exam,ECE ALL,ECE,ALL,MEDIUM,2026-09-05 00:00,2026-09-08,2026-09-13,TRUE,ARCHIVED
38,Campus Placement Aptitude Training Series,"Official Notification from Greenfield Institute of Technology.

This notice serves to inform all eligible students from IT (THIRD YEAR) regarding 'Campus Placement Aptitude Training Series'. All concerned individuals must review the guidelines carefully. Failure to adhere to the given instructions by 2026-09-24 may result in administrative restrictions or forfeiture of opportunity.

Key Requirements:
1. Complete the mandatory registration form prior to the deadline.
2. Maintain an updated academic profile with the department coordinator.
3. Submit all required documentation directly to the department office.

For further inquiries, contact your respective department head or faculty coordinator.",Internship,IT THIRD YEAR,IT,THIRD YEAR,MEDIUM,2026-09-10 00:00,2026-09-24,2026-09-29,TRUE,DRAFT
39,Guest Lecture on Quantum Computing by Dr. Aris Thorne,"Official Notification from Greenfield Institute of Technology.

This notice serves to inform all eligible students from ALL (THIRD YEAR) regarding 'Guest Lecture on Quantum Computing by Dr. Aris Thorne'. All concerned individuals must review the guidelines carefully. Failure to adhere to the given instructions by 2026-09-17 may result in administrative restrictions or forfeiture of opportunity.

Key Requirements:
1. Complete the mandatory registration form prior to the deadline.
2. Maintain an updated academic profile with the department coordinator.
3. Submit all required documentation directly to the department office.

For further inquiries, contact your respective department head or faculty coordinator.",Holiday,ALL THIRD YEAR,ALL,THIRD YEAR,LOW,2026-09-04 00:00,2026-09-17,2026-09-22,TRUE,PUBLISHED
40,Annual Inter-Departmental Sports Meet Registration,"Official Notification from Greenfield Institute of Technology.

This notice serves to inform all eligible students from EEE (ALL) regarding 'Annual Inter-Departmental Sports Meet Registration'. All concerned individuals must review the guidelines carefully. Failure to adhere to the given instructions by 2026-10-01 may result in administrative restrictions or forfeiture of opportunity.

Key Requirements:
1. Complete the mandatory registration form prior to the deadline.
2. Maintain an updated academic profile with the department coordinator.
3. Submit all required documentation directly to the department office.

For further inquiries, contact your respective department head or faculty coordinator.",Workshop,EEE ALL,EEE,ALL,MEDIUM,2026-09-21 00:00,2026-10-01,2026-10-06,FALSE,PUBLISHED
41,Submission of CSE Semester Project Reports,"Official Notification from Greenfield Institute of Technology.

This notice serves to inform all eligible students from CSE (FIRST YEAR) regarding 'Submission of CSE Semester Project Reports'. All concerned individuals must review the guidelines carefully. Failure to adhere to the given instructions by 2026-09-05 may result in administrative restrictions or forfeiture of opportunity.

Key Requirements:
1. Complete the mandatory registration form prior to the deadline.
2. Maintain an updated academic profile with the department coordinator.
3. Submit all required documentation directly to the department office.

For further inquiries, contact your respective department head or faculty coordinator.",Workshop,CSE FIRST YEAR,CSE,FIRST YEAR,URGENT,2026-09-01 00:00,2026-09-05,2026-09-10,TRUE,PUBLISHED
42,National Level Technical Symposium 'EEE TechPulse 2026',"Official Notification from Greenfield Institute of Technology.

This notice serves to inform all eligible students from EEE (SECOND YEAR) regarding 'National Level Technical Symposium 'EEE TechPulse 2026''. All concerned individuals must review the guidelines carefully. Failure to adhere to the given instructions by the stipulated deadline may result in administrative restrictions or forfeiture of opportunity.

Key Requirements:
1. Complete the mandatory registration form prior to the deadline.
2. Maintain an updated academic profile with the department coordinator.
3. Submit all required documentation directly to the department office.

For further inquiries, contact your respective department head or faculty coordinator.",Holiday,EEE SECOND YEAR,EEE,SECOND YEAR,URGENT,2026-09-18 00:00,,2026-10-18,TRUE,ARCHIVED
43,Laboratory Exam Schedule for MECH ALL,"Official Notification from Greenfield Institute of Technology.

This notice serves to inform all eligible students from MECH (ALL) regarding 'Laboratory Exam Schedule for MECH ALL'. All concerned individuals must review the guidelines carefully. Failure to adhere to the given instructions by the stipulated deadline may result in administrative restrictions or forfeiture of opportunity.

Key Requirements:
1. Complete the mandatory registration form prior to the deadline.
2. Maintain an updated academic profile with the department coordinator.
3. Submit all required documentation directly to the department office.

For further inquiries, contact your respective department head or faculty coordinator.",Exam,MECH ALL,MECH,ALL,LOW,2026-09-18 00:00,,2026-10-18,TRUE,PUBLISHED
44,Library Book Return & Fine Waiver Week,"Official Notification from Greenfield Institute of Technology.

This notice serves to inform all eligible students from CSE (THIRD YEAR) regarding 'Library Book Return & Fine Waiver Week'. All concerned individuals must review the guidelines carefully. Failure to adhere to the given instructions by 2026-09-19 may result in administrative restrictions or forfeiture of opportunity.

Key Requirements:
1. Complete the mandatory registration form prior to the deadline.
2. Maintain an updated academic profile with the department coordinator.
3. Submit all required documentation directly to the department office.

For further inquiries, contact your respective department head or faculty coordinator.",Placement,CSE THIRD YEAR,CSE,THIRD YEAR,HIGH,2026-09-07 00:00,2026-09-19,2026-09-24,TRUE,PUBLISHED
45,Merit Scholarship Applications Open for ALL,"Official Notification from Greenfield Institute of Technology.

This notice serves to inform all eligible students from IT (ALL) regarding 'Merit Scholarship Applications Open for ALL'. All concerned individuals must review the guidelines carefully. Failure to adhere to the given instructions by 2026-09-22 may result in administrative restrictions or forfeiture of opportunity.

Key Requirements:
1. Complete the mandatory registration form prior to the deadline.
2. Maintain an updated academic profile with the department coordinator.
3. Submit all required documentation directly to the department office.

For further inquiries, contact your respective department head or faculty coordinator.",Exam,IT ALL,IT,ALL,URGENT,2026-09-08 00:00,2026-09-22,2026-09-27,TRUE,ARCHIVED
46,Tuition Fee Payment Deadline Notice,"Official Notification from Greenfield Institute of Technology.

This notice serves to inform all eligible students from MECH (FINAL YEAR) regarding 'Tuition Fee Payment Deadline Notice'. All concerned individuals must review the guidelines carefully. Failure to adhere to the given instructions by 2026-09-19 may result in administrative restrictions or forfeiture of opportunity.

Key Requirements:
1. Complete the mandatory registration form prior to the deadline.
2. Maintain an updated academic profile with the department coordinator.
3. Submit all required documentation directly to the department office.

For further inquiries, contact your respective department head or faculty coordinator.",Emergency,MECH FINAL YEAR,MECH,FINAL YEAR,CRITICAL,2026-09-11 00:00,2026-09-19,2026-09-24,TRUE,PUBLISHED
47,Mid-Term Examination Schedule Released for CIVIL,"Official Notification from Greenfield Institute of Technology.

This notice serves to inform all eligible students from CIVIL (THIRD YEAR) regarding 'Mid-Term Examination Schedule Released for CIVIL'. All concerned individuals must review the guidelines carefully. Failure to adhere to the given instructions by 2026-09-22 may result in administrative restrictions or forfeiture of opportunity.

Key Requirements:
1. Complete the mandatory registration form prior to the deadline.
2. Maintain an updated academic profile with the department coordinator.
3. Submit all required documentation directly to the department office.

For further inquiries, contact your respective department head or faculty coordinator.",Emergency,CIVIL THIRD YEAR,CIVIL,THIRD YEAR,CRITICAL,2026-09-13 00:00,2026-09-22,2026-09-27,TRUE,PUBLISHED
48,Emergency Maintenance: Power Shutdown in Academic Block B,"Official Notification from Greenfield Institute of Technology.

This notice serves to inform all eligible students from CIVIL (FINAL YEAR) regarding 'Emergency Maintenance: Power Shutdown in Academic Block B'. All concerned individuals must review the guidelines carefully. Failure to adhere to the given instructions by the stipulated deadline may result in administrative restrictions or forfeiture of opportunity.

Key Requirements:
1. Complete the mandatory registration form prior to the deadline.
2. Maintain an updated academic profile with the department coordinator.
3. Submit all required documentation directly to the department office.

For further inquiries, contact your respective department head or faculty coordinator.",Internship,CIVIL FINAL YEAR,CIVIL,FINAL YEAR,HIGH,2026-09-08 00:00,,2026-10-08,TRUE,PUBLISHED
49,Guest Lecture on Quantum Computing by Dr. Aris Thorne,"Official Notification from Greenfield Institute of Technology.

This notice serves to inform all eligible students from AI (THIRD YEAR) regarding 'Guest Lecture on Quantum Computing by Dr. Aris Thorne'. All concerned individuals must review the guidelines carefully. Failure to adhere to the given instructions by 2026-09-20 may result in administrative restrictions or forfeiture of opportunity.

Key Requirements:
1. Complete the mandatory registration form prior to the deadline.
2. Maintain an updated academic profile with the department coordinator.
3. Submit all required documentation directly to the department office.

For further inquiries, contact your respective department head or faculty coordinator.",Internship,AI THIRD YEAR,AI,THIRD YEAR,HIGH,2026-09-12 00:00,2026-09-20,2026-09-25,TRUE,PUBLISHED
50,Guest Lecture on Quantum Computing by Dr. Aris Thorne,"Official Notification from Greenfield Institute of Technology.

This notice serves to inform all eligible students from ALL (THIRD YEAR) regarding 'Guest Lecture on Quantum Computing by Dr. Aris Thorne'. All concerned individuals must review the guidelines carefully. Failure to adhere to the given instructions by 2026-09-12 may result in administrative restrictions or forfeiture of opportunity.

Key Requirements:
1. Complete the mandatory registration form prior to the deadline.
2. Maintain an updated academic profile with the department coordinator.
3. Submit all required documentation directly to the department office.

For further inquiries, contact your respective department head or faculty coordinator.",Holiday,ALL THIRD YEAR,ALL,THIRD YEAR,LOW,2026-09-06 00:00,2026-09-12,2026-09-17,TRUE,PUBLISHED
51,Holiday Announcement: Founder's Day Celebration,"Official Notification from Greenfield Institute of Technology.

This notice serves to inform all eligible students from AI (THIRD YEAR) regarding 'Holiday Announcement: Founder's Day Celebration'. All concerned individuals must review the guidelines carefully. Failure to adhere to the given instructions by the stipulated deadline may result in administrative restrictions or forfeiture of opportunity.

Key Requirements:
1. Complete the mandatory registration form prior to the deadline.
2. Maintain an updated academic profile with the department coordinator.
3. Submit all required documentation directly to the department office.

For further inquiries, contact your respective department head or faculty coordinator.",Exam,AI THIRD YEAR,AI,THIRD YEAR,HIGH,2026-09-17 00:00,,2026-10-17,TRUE,DRAFT
52,Final Year CIVIL Placement Drive with TechCorp,"Official Notification from Greenfield Institute of Technology.

This notice serves to inform all eligible students from CIVIL (THIRD YEAR) regarding 'Final Year CIVIL Placement Drive with TechCorp'. All concerned individuals must review the guidelines carefully. Failure to adhere to the given instructions by 2026-09-27 may result in administrative restrictions or forfeiture of opportunity.

Key Requirements:
1. Complete the mandatory registration form prior to the deadline.
2. Maintain an updated academic profile with the department coordinator.
3. Submit all required documentation directly to the department office.

For further inquiries, contact your respective department head or faculty coordinator.",Club,CIVIL THIRD YEAR,CIVIL,THIRD YEAR,LOW,2026-09-17 00:00,2026-09-27,2026-10-02,TRUE,DRAFT
53,Internship Opportunities at Global Tech Labs for AI,"Official Notification from Greenfield Institute of Technology.

This notice serves to inform all eligible students from AI (FIRST YEAR) regarding 'Internship Opportunities at Global Tech Labs for AI'. All concerned individuals must review the guidelines carefully. Failure to adhere to the given instructions by 2026-09-10 may result in administrative restrictions or forfeiture of opportunity.

Key Requirements:
1. Complete the mandatory registration form prior to the deadline.
2. Maintain an updated academic profile with the department coordinator.
3. Submit all required documentation directly to the department office.

For further inquiries, contact your respective department head or faculty coordinator.",Event,AI FIRST YEAR,AI,FIRST YEAR,HIGH,2026-09-04 00:00,2026-09-10,2026-09-15,TRUE,ARCHIVED
54,Campus Hackathon 2026 Registration Details,"Official Notification from Greenfield Institute of Technology.

This notice serves to inform all eligible students from EEE (FINAL YEAR) regarding 'Campus Hackathon 2026 Registration Details'. All concerned individuals must review the guidelines carefully. Failure to adhere to the given instructions by the stipulated deadline may result in administrative restrictions or forfeiture of opportunity.

Key Requirements:
1. Complete the mandatory registration form prior to the deadline.
2. Maintain an updated academic profile with the department coordinator.
3. Submit all required documentation directly to the department office.

For further inquiries, contact your respective department head or faculty coordinator.",Sports,EEE FINAL YEAR,EEE,FINAL YEAR,HIGH,2026-09-18 00:00,,2026-10-18,TRUE,DRAFT
55,Campus Hackathon 2026 Registration Details,"Official Notification from Greenfield Institute of Technology.

This notice serves to inform all eligible students from AI (SECOND YEAR) regarding 'Campus Hackathon 2026 Registration Details'. All concerned individuals must review the guidelines carefully. Failure to adhere to the given instructions by 2026-09-15 may result in administrative restrictions or forfeiture of opportunity.

Key Requirements:
1. Complete the mandatory registration form prior to the deadline.
2. Maintain an updated academic profile with the department coordinator.
3. Submit all required documentation directly to the department office.

For further inquiries, contact your respective department head or faculty coordinator.",Scholarship,AI SECOND YEAR,AI,SECOND YEAR,CRITICAL,2026-09-13 00:00,2026-09-15,2026-09-20,TRUE,ARCHIVED
56,Holiday Announcement: Founder's Day Celebration,"Official Notification from Greenfield Institute of Technology.

This notice serves to inform all eligible students from EEE (SECOND YEAR) regarding 'Holiday Announcement: Founder's Day Celebration'. All concerned individuals must review the guidelines carefully. Failure to adhere to the given instructions by 2026-09-30 may result in administrative restrictions or forfeiture of opportunity.

Key Requirements:
1. Complete the mandatory registration form prior to the deadline.
2. Maintain an updated academic profile with the department coordinator.
3. Submit all required documentation directly to the department office.

For further inquiries, contact your respective department head or faculty coordinator.",Workshop,EEE SECOND YEAR,EEE,SECOND YEAR,URGENT,2026-09-21 00:00,2026-09-30,2026-10-05,TRUE,ARCHIVED
57,Mandatory Workshop on Artificial Intelligence for ALL Students,"Official Notification from Greenfield Institute of Technology.

This notice serves to inform all eligible students from CIVIL (ALL) regarding 'Mandatory Workshop on Artificial Intelligence for ALL Students'. All concerned individuals must review the guidelines carefully. Failure to adhere to the given instructions by 2026-09-22 may result in administrative restrictions or forfeiture of opportunity.

Key Requirements:
1. Complete the mandatory registration form prior to the deadline.
2. Maintain an updated academic profile with the department coordinator.
3. Submit all required documentation directly to the department office.

For further inquiries, contact your respective department head or faculty coordinator.",Fees,CIVIL ALL,CIVIL,ALL,URGENT,2026-09-10 00:00,2026-09-22,2026-09-27,TRUE,PUBLISHED
58,Emergency Maintenance: Power Shutdown in Academic Block B,"Official Notification from Greenfield Institute of Technology.

This notice serves to inform all eligible students from IT (FIRST YEAR) regarding 'Emergency Maintenance: Power Shutdown in Academic Block B'. All concerned individuals must review the guidelines carefully. Failure to adhere to the given instructions by the stipulated deadline may result in administrative restrictions or forfeiture of opportunity.

Key Requirements:
1. Complete the mandatory registration form prior to the deadline.
2. Maintain an updated academic profile with the department coordinator.
3. Submit all required documentation directly to the department office.

For further inquiries, contact your respective department head or faculty coordinator.",Club,IT FIRST YEAR,IT,FIRST YEAR,MEDIUM,2026-09-07 00:00,,2026-10-07,TRUE,PUBLISHED
59,National Level Technical Symposium 'DS TechPulse 2026',"Official Notification from Greenfield Institute of Technology.

This notice serves to inform all eligible students from DS (ALL) regarding 'National Level Technical Symposium 'DS TechPulse 2026''. All concerned individuals must review the guidelines carefully. Failure to adhere to the given instructions by 2026-10-04 may result in administrative restrictions or forfeiture of opportunity.

Key Requirements:
1. Complete the mandatory registration form prior to the deadline.
2. Maintain an updated academic profile with the department coordinator.
3. Submit all required documentation directly to the department office.

For further inquiries, contact your respective department head or faculty coordinator.",Internship,DS ALL,DS,ALL,LOW,2026-09-21 00:00,2026-10-04,2026-10-09,FALSE,DRAFT
60,Mid-Term Examination Schedule Released for AI,"Official Notification from Greenfield Institute of Technology.

This notice serves to inform all eligible students from AI (SECOND YEAR) regarding 'Mid-Term Examination Schedule Released for AI'. All concerned individuals must review the guidelines carefully. Failure to adhere to the given instructions by the stipulated deadline may result in administrative restrictions or forfeiture of opportunity.

Key Requirements:
1. Complete the mandatory registration form prior to the deadline.
2. Maintain an updated academic profile with the department coordinator.
3. Submit all required documentation directly to the department office.

For further inquiries, contact your respective department head or faculty coordinator.",Fees,AI SECOND YEAR,AI,SECOND YEAR,MEDIUM,2026-09-14 00:00,,2026-10-14,TRUE,PUBLISHED
61,Campus Placement Aptitude Training Series,"Official Notification from Greenfield Institute of Technology.

This notice serves to inform all eligible students from ALL (FINAL YEAR) regarding 'Campus Placement Aptitude Training Series'. All concerned individuals must review the guidelines carefully. Failure to adhere to the given instructions by 2026-09-11 may result in administrative restrictions or forfeiture of opportunity.

Key Requirements:
1. Complete the mandatory registration form prior to the deadline.
2. Maintain an updated academic profile with the department coordinator.
3. Submit all required documentation directly to the department office.

For further inquiries, contact your respective department head or faculty coordinator.",Emergency,ALL FINAL YEAR,ALL,FINAL YEAR,CRITICAL,2026-09-08 00:00,2026-09-11,2026-09-16,TRUE,PUBLISHED
62,Holiday Announcement: Founder's Day Celebration,"Official Notification from Greenfield Institute of Technology.

This notice serves to inform all eligible students from MECH (FINAL YEAR) regarding 'Holiday Announcement: Founder's Day Celebration'. All concerned individuals must review the guidelines carefully. Failure to adhere to the given instructions by 2026-09-20 may result in administrative restrictions or forfeiture of opportunity.

Key Requirements:
1. Complete the mandatory registration form prior to the deadline.
2. Maintain an updated academic profile with the department coordinator.
3. Submit all required documentation directly to the department office.

For further inquiries, contact your respective department head or faculty coordinator.",Fees,MECH FINAL YEAR,MECH,FINAL YEAR,CRITICAL,2026-09-11 00:00,2026-09-20,2026-09-25,TRUE,ARCHIVED
63,Tuition Fee Payment Deadline Notice,"Official Notification from Greenfield Institute of Technology.

This notice serves to inform all eligible students from ALL (FINAL YEAR) regarding 'Tuition Fee Payment Deadline Notice'. All concerned individuals must review the guidelines carefully. Failure to adhere to the given instructions by 2026-09-30 may result in administrative restrictions or forfeiture of opportunity.

Key Requirements:
1. Complete the mandatory registration form prior to the deadline.
2. Maintain an updated academic profile with the department coordinator.
3. Submit all required documentation directly to the department office.

For further inquiries, contact your respective department head or faculty coordinator.",Club,ALL FINAL YEAR,ALL,FINAL YEAR,CRITICAL,2026-09-16 00:00,2026-09-30,2026-10-05,TRUE,DRAFT
64,Guest Lecture on Quantum Computing by Dr. Aris Thorne,"Official Notification from Greenfield Institute of Technology.

This notice serves to inform all eligible students from EEE (ALL) regarding 'Guest Lecture on Quantum Computing by Dr. Aris Thorne'. All concerned individuals must review the guidelines carefully. Failure to adhere to the given instructions by the stipulated deadline may result in administrative restrictions or forfeiture of opportunity.

Key Requirements:
1. Complete the mandatory registration form prior to the deadline.
2. Maintain an updated academic profile with the department coordinator.
3. Submit all required documentation directly to the department office.

For further inquiries, contact your respective department head or faculty coordinator.",Internship,EEE ALL,EEE,ALL,URGENT,2026-09-15 00:00,,2026-10-15,TRUE,PUBLISHED
65,Campus Placement Aptitude Training Series,"Official Notification from Greenfield Institute of Technology.

This notice serves to inform all eligible students from CIVIL (THIRD YEAR) regarding 'Campus Placement Aptitude Training Series'. All concerned individuals must review the guidelines carefully. Failure to adhere to the given instructions by the stipulated deadline may result in administrative restrictions or forfeiture of opportunity.

Key Requirements:
1. Complete the mandatory registration form prior to the deadline.
2. Maintain an updated academic profile with the department coordinator.
3. Submit all required documentation directly to the department office.

For further inquiries, contact your respective department head or faculty coordinator.",Workshop,CIVIL THIRD YEAR,CIVIL,THIRD YEAR,HIGH,2026-09-03 00:00,,2026-10-03,TRUE,PUBLISHED
66,National Level Technical Symposium 'AI TechPulse 2026',"Official Notification from Greenfield Institute of Technology.

This notice serves to inform all eligible students from AI (SECOND YEAR) regarding 'National Level Technical Symposium 'AI TechPulse 2026''. All concerned individuals must review the guidelines carefully. Failure to adhere to the given instructions by 2026-09-23 may result in administrative restrictions or forfeiture of opportunity.

Key Requirements:
1. Complete the mandatory registration form prior to the deadline.
2. Maintain an updated academic profile with the department coordinator.
3. Submit all required documentation directly to the department office.

For further inquiries, contact your respective department head or faculty coordinator.",Internship,AI SECOND YEAR,AI,SECOND YEAR,MEDIUM,2026-09-14 00:00,2026-09-23,2026-09-28,FALSE,PUBLISHED
67,Final Year CIVIL Placement Drive with TechCorp,"Official Notification from Greenfield Institute of Technology.

This notice serves to inform all eligible students from CIVIL (FINAL YEAR) regarding 'Final Year CIVIL Placement Drive with TechCorp'. All concerned individuals must review the guidelines carefully. Failure to adhere to the given instructions by 2026-09-21 may result in administrative restrictions or forfeiture of opportunity.

Key Requirements:
1. Complete the mandatory registration form prior to the deadline.
2. Maintain an updated academic profile with the department coordinator.
3. Submit all required documentation directly to the department office.

For further inquiries, contact your respective department head or faculty coordinator.",Academic,CIVIL FINAL YEAR,CIVIL,FINAL YEAR,URGENT,2026-09-19 00:00,2026-09-21,2026-09-26,TRUE,ARCHIVED
68,Campus Placement Aptitude Training Series,"Official Notification from Greenfield Institute of Technology.

This notice serves to inform all eligible students from EEE (FINAL YEAR) regarding 'Campus Placement Aptitude Training Series'. All concerned individuals must review the guidelines carefully. Failure to adhere to the given instructions by 2026-09-29 may result in administrative restrictions or forfeiture of opportunity.

Key Requirements:
1. Complete the mandatory registration form prior to the deadline.
2. Maintain an updated academic profile with the department coordinator.
3. Submit all required documentation directly to the department office.

For further inquiries, contact your respective department head or faculty coordinator.",Event,EEE FINAL YEAR,EEE,FINAL YEAR,URGENT,2026-09-20 00:00,2026-09-29,2026-10-04,TRUE,ARCHIVED
69,Hostel Mess Committee Meeting Notice,"Official Notification from Greenfield Institute of Technology.

This notice serves to inform all eligible students from EEE (FINAL YEAR) regarding 'Hostel Mess Committee Meeting Notice'. All concerned individuals must review the guidelines carefully. Failure to adhere to the given instructions by 2026-09-25 may result in administrative restrictions or forfeiture of opportunity.

Key Requirements:
1. Complete the mandatory registration form prior to the deadline.
2. Maintain an updated academic profile with the department coordinator.
3. Submit all required documentation directly to the department office.

For further inquiries, contact your respective department head or faculty coordinator.",Internship,EEE FINAL YEAR,EEE,FINAL YEAR,URGENT,2026-09-11 00:00,2026-09-25,2026-09-30,TRUE,PUBLISHED
70,Campus Placement Aptitude Training Series,"Official Notification from Greenfield Institute of Technology.

This notice serves to inform all eligible students from MECH (FINAL YEAR) regarding 'Campus Placement Aptitude Training Series'. All concerned individuals must review the guidelines carefully. Failure to adhere to the given instructions by 2026-09-12 may result in administrative restrictions or forfeiture of opportunity.

Key Requirements:
1. Complete the mandatory registration form prior to the deadline.
2. Maintain an updated academic profile with the department coordinator.
3. Submit all required documentation directly to the department office.

For further inquiries, contact your respective department head or faculty coordinator.",Scholarship,MECH FINAL YEAR,MECH,FINAL YEAR,MEDIUM,2026-09-01 00:00,2026-09-12,2026-09-17,TRUE,ARCHIVED
71,Submission of AI Semester Project Reports,"Official Notification from Greenfield Institute of Technology.

This notice serves to inform all eligible students from AI (SECOND YEAR) regarding 'Submission of AI Semester Project Reports'. All concerned individuals must review the guidelines carefully. Failure to adhere to the given instructions by 2026-09-14 may result in administrative restrictions or forfeiture of opportunity.

Key Requirements:
1. Complete the mandatory registration form prior to the deadline.
2. Maintain an updated academic profile with the department coordinator.
3. Submit all required documentation directly to the department office.

For further inquiries, contact your respective department head or faculty coordinator.",Exam,AI SECOND YEAR,AI,SECOND YEAR,URGENT,2026-09-09 00:00,2026-09-14,2026-09-19,TRUE,PUBLISHED
72,National Level Technical Symposium 'IT TechPulse 2026',"Official Notification from Greenfield Institute of Technology.

This notice serves to inform all eligible students from IT (THIRD YEAR) regarding 'National Level Technical Symposium 'IT TechPulse 2026''. All concerned individuals must review the guidelines carefully. Failure to adhere to the given instructions by 2026-09-18 may result in administrative restrictions or forfeiture of opportunity.

Key Requirements:
1. Complete the mandatory registration form prior to the deadline.
2. Maintain an updated academic profile with the department coordinator.
3. Submit all required documentation directly to the department office.

For further inquiries, contact your respective department head or faculty coordinator.",Fees,IT THIRD YEAR,IT,THIRD YEAR,URGENT,2026-09-09 00:00,2026-09-18,2026-09-23,TRUE,PUBLISHED
73,Mandatory Workshop on Artificial Intelligence for FIRST YEAR Students,"Official Notification from Greenfield Institute of Technology.

This notice serves to inform all eligible students from ALL (FIRST YEAR) regarding 'Mandatory Workshop on Artificial Intelligence for FIRST YEAR Students'. All concerned individuals must review the guidelines carefully. Failure to adhere to the given instructions by the stipulated deadline may result in administrative restrictions or forfeiture of opportunity.

Key Requirements:
1. Complete the mandatory registration form prior to the deadline.
2. Maintain an updated academic profile with the department coordinator.
3. Submit all required documentation directly to the department office.

For further inquiries, contact your respective department head or faculty coordinator.",Academic,ALL FIRST YEAR,ALL,FIRST YEAR,HIGH,2026-09-21 00:00,,2026-10-21,TRUE,PUBLISHED
74,Merit Scholarship Applications Open for SECOND YEAR,"Official Notification from Greenfield Institute of Technology.

This notice serves to inform all eligible students from CIVIL (SECOND YEAR) regarding 'Merit Scholarship Applications Open for SECOND YEAR'. All concerned individuals must review the guidelines carefully. Failure to adhere to the given instructions by the stipulated deadline may result in administrative restrictions or forfeiture of opportunity.

Key Requirements:
1. Complete the mandatory registration form prior to the deadline.
2. Maintain an updated academic profile with the department coordinator.
3. Submit all required documentation directly to the department office.

For further inquiries, contact your respective department head or faculty coordinator.",Academic,CIVIL SECOND YEAR,CIVIL,SECOND YEAR,LOW,2026-09-08 00:00,,2026-10-08,TRUE,ARCHIVED
75,Tuition Fee Payment Deadline Notice,"Official Notification from Greenfield Institute of Technology.

This notice serves to inform all eligible students from CIVIL (FINAL YEAR) regarding 'Tuition Fee Payment Deadline Notice'. All concerned individuals must review the guidelines carefully. Failure to adhere to the given instructions by 2026-10-03 may result in administrative restrictions or forfeiture of opportunity.

Key Requirements:
1. Complete the mandatory registration form prior to the deadline.
2. Maintain an updated academic profile with the department coordinator.
3. Submit all required documentation directly to the department office.

For further inquiries, contact your respective department head or faculty coordinator.",Club,CIVIL FINAL YEAR,CIVIL,FINAL YEAR,HIGH,2026-09-20 00:00,2026-10-03,2026-10-08,TRUE,PUBLISHED
76,Laboratory Exam Schedule for ECE SECOND YEAR,"Official Notification from Greenfield Institute of Technology.

This notice serves to inform all eligible students from ECE (SECOND YEAR) regarding 'Laboratory Exam Schedule for ECE SECOND YEAR'. All concerned individuals must review the guidelines carefully. Failure to adhere to the given instructions by 2026-09-12 may result in administrative restrictions or forfeiture of opportunity.

Key Requirements:
1. Complete the mandatory registration form prior to the deadline.
2. Maintain an updated academic profile with the department coordinator.
3. Submit all required documentation directly to the department office.

For further inquiries, contact your respective department head or faculty coordinator.",Infrastructure,ECE SECOND YEAR,ECE,SECOND YEAR,HIGH,2026-09-01 00:00,2026-09-12,2026-09-17,TRUE,PUBLISHED
77,Laboratory Exam Schedule for AI FINAL YEAR,"Official Notification from Greenfield Institute of Technology.

This notice serves to inform all eligible students from AI (FINAL YEAR) regarding 'Laboratory Exam Schedule for AI FINAL YEAR'. All concerned individuals must review the guidelines carefully. Failure to adhere to the given instructions by the stipulated deadline may result in administrative restrictions or forfeiture of opportunity.

Key Requirements:
1. Complete the mandatory registration form prior to the deadline.
2. Maintain an updated academic profile with the department coordinator.
3. Submit all required documentation directly to the department office.

For further inquiries, contact your respective department head or faculty coordinator.",Holiday,AI FINAL YEAR,AI,FINAL YEAR,MEDIUM,2026-09-21 00:00,,2026-10-21,FALSE,PUBLISHED
78,Campus Placement Aptitude Training Series,"Official Notification from Greenfield Institute of Technology.

This notice serves to inform all eligible students from ECE (ALL) regarding 'Campus Placement Aptitude Training Series'. All concerned individuals must review the guidelines carefully. Failure to adhere to the given instructions by 2026-09-17 may result in administrative restrictions or forfeiture of opportunity.

Key Requirements:
1. Complete the mandatory registration form prior to the deadline.
2. Maintain an updated academic profile with the department coordinator.
3. Submit all required documentation directly to the department office.

For further inquiries, contact your respective department head or faculty coordinator.",General,ECE ALL,ECE,ALL,LOW,2026-09-14 00:00,2026-09-17,2026-09-22,FALSE,PUBLISHED
79,Library Book Return & Fine Waiver Week,"Official Notification from Greenfield Institute of Technology.

This notice serves to inform all eligible students from AI (FINAL YEAR) regarding 'Library Book Return & Fine Waiver Week'. All concerned individuals must review the guidelines carefully. Failure to adhere to the given instructions by 2026-09-30 may result in administrative restrictions or forfeiture of opportunity.

Key Requirements:
1. Complete the mandatory registration form prior to the deadline.
2. Maintain an updated academic profile with the department coordinator.
3. Submit all required documentation directly to the department office.

For further inquiries, contact your respective department head or faculty coordinator.",Academic,AI FINAL YEAR,AI,FINAL YEAR,LOW,2026-09-21 00:00,2026-09-30,2026-10-05,TRUE,DRAFT
80,Campus Placement Aptitude Training Series,"Official Notification from Greenfield Institute of Technology.

This notice serves to inform all eligible students from MECH (ALL) regarding 'Campus Placement Aptitude Training Series'. All concerned individuals must review the guidelines carefully. Failure to adhere to the given instructions by 2026-09-29 may result in administrative restrictions or forfeiture of opportunity.

Key Requirements:
1. Complete the mandatory registration form prior to the deadline.
2. Maintain an updated academic profile with the department coordinator.
3. Submit all required documentation directly to the department office.

For further inquiries, contact your respective department head or faculty coordinator.",Scholarship,MECH ALL,MECH,ALL,HIGH,2026-09-16 00:00,2026-09-29,2026-10-04,TRUE,ARCHIVED
81,Guest Lecture on Quantum Computing by Dr. Aris Thorne,"Official Notification from Greenfield Institute of Technology.

This notice serves to inform all eligible students from EEE (THIRD YEAR) regarding 'Guest Lecture on Quantum Computing by Dr. Aris Thorne'. All concerned individuals must review the guidelines carefully. Failure to adhere to the given instructions by the stipulated deadline may result in administrative restrictions or forfeiture of opportunity.

Key Requirements:
1. Complete the mandatory registration form prior to the deadline.
2. Maintain an updated academic profile with the department coordinator.
3. Submit all required documentation directly to the department office.

For further inquiries, contact your respective department head or faculty coordinator.",Club,EEE THIRD YEAR,EEE,THIRD YEAR,MEDIUM,2026-09-15 00:00,,2026-10-15,FALSE,PUBLISHED
82,Internship Opportunities at Global Tech Labs for AI,"Official Notification from Greenfield Institute of Technology.

This notice serves to inform all eligible students from AI (THIRD YEAR) regarding 'Internship Opportunities at Global Tech Labs for AI'. All concerned individuals must review the guidelines carefully. Failure to adhere to the given instructions by 2026-09-13 may result in administrative restrictions or forfeiture of opportunity.

Key Requirements:
1. Complete the mandatory registration form prior to the deadline.
2. Maintain an updated academic profile with the department coordinator.
3. Submit all required documentation directly to the department office.

For further inquiries, contact your respective department head or faculty coordinator.",Club,AI THIRD YEAR,AI,THIRD YEAR,LOW,2026-09-06 00:00,2026-09-13,2026-09-18,FALSE,DRAFT
83,Final Year EEE Placement Drive with TechCorp,"Official Notification from Greenfield Institute of Technology.

This notice serves to inform all eligible students from EEE (ALL) regarding 'Final Year EEE Placement Drive with TechCorp'. All concerned individuals must review the guidelines carefully. Failure to adhere to the given instructions by 2026-09-20 may result in administrative restrictions or forfeiture of opportunity.

Key Requirements:
1. Complete the mandatory registration form prior to the deadline.
2. Maintain an updated academic profile with the department coordinator.
3. Submit all required documentation directly to the department office.

For further inquiries, contact your respective department head or faculty coordinator.",Event,EEE ALL,EEE,ALL,HIGH,2026-09-17 00:00,2026-09-20,2026-09-25,TRUE,ARCHIVED
84,IEEE Student Chapter Recruitment Drive,"Official Notification from Greenfield Institute of Technology.

This notice serves to inform all eligible students from AI (FINAL YEAR) regarding 'IEEE Student Chapter Recruitment Drive'. All concerned individuals must review the guidelines carefully. Failure to adhere to the given instructions by 2026-09-30 may result in administrative restrictions or forfeiture of opportunity.

Key Requirements:
1. Complete the mandatory registration form prior to the deadline.
2. Maintain an updated academic profile with the department coordinator.
3. Submit all required documentation directly to the department office.

For further inquiries, contact your respective department head or faculty coordinator.",Internship,AI FINAL YEAR,AI,FINAL YEAR,CRITICAL,2026-09-21 00:00,2026-09-30,2026-10-05,TRUE,PUBLISHED
85,Emergency Maintenance: Power Shutdown in Academic Block B,"Official Notification from Greenfield Institute of Technology.

This notice serves to inform all eligible students from CSE (FIRST YEAR) regarding 'Emergency Maintenance: Power Shutdown in Academic Block B'. All concerned individuals must review the guidelines carefully. Failure to adhere to the given instructions by 2026-09-19 may result in administrative restrictions or forfeiture of opportunity.

Key Requirements:
1. Complete the mandatory registration form prior to the deadline.
2. Maintain an updated academic profile with the department coordinator.
3. Submit all required documentation directly to the department office.

For further inquiries, contact your respective department head or faculty coordinator.",Emergency,CSE FIRST YEAR,CSE,FIRST YEAR,CRITICAL,2026-09-13 00:00,2026-09-19,2026-09-24,TRUE,PUBLISHED
86,Library Book Return & Fine Waiver Week,"Official Notification from Greenfield Institute of Technology.

This notice serves to inform all eligible students from IT (FINAL YEAR) regarding 'Library Book Return & Fine Waiver Week'. All concerned individuals must review the guidelines carefully. Failure to adhere to the given instructions by 2026-09-24 may result in administrative restrictions or forfeiture of opportunity.

Key Requirements:
1. Complete the mandatory registration form prior to the deadline.
2. Maintain an updated academic profile with the department coordinator.
3. Submit all required documentation directly to the department office.

For further inquiries, contact your respective department head or faculty coordinator.",Holiday,IT FINAL YEAR,IT,FINAL YEAR,CRITICAL,2026-09-14 00:00,2026-09-24,2026-09-29,TRUE,ARCHIVED
87,Guest Lecture on Quantum Computing by Dr. Aris Thorne,"Official Notification from Greenfield Institute of Technology.

This notice serves to inform all eligible students from IT (FINAL YEAR) regarding 'Guest Lecture on Quantum Computing by Dr. Aris Thorne'. All concerned individuals must review the guidelines carefully. Failure to adhere to the given instructions by the stipulated deadline may result in administrative restrictions or forfeiture of opportunity.

Key Requirements:
1. Complete the mandatory registration form prior to the deadline.
2. Maintain an updated academic profile with the department coordinator.
3. Submit all required documentation directly to the department office.

For further inquiries, contact your respective department head or faculty coordinator.",Event,IT FINAL YEAR,IT,FINAL YEAR,HIGH,2026-09-08 00:00,,2026-10-08,TRUE,PUBLISHED
88,Annual Inter-Departmental Sports Meet Registration,"Official Notification from Greenfield Institute of Technology.

This notice serves to inform all eligible students from IT (FIRST YEAR) regarding 'Annual Inter-Departmental Sports Meet Registration'. All concerned individuals must review the guidelines carefully. Failure to adhere to the given instructions by 2026-09-13 may result in administrative restrictions or forfeiture of opportunity.

Key Requirements:
1. Complete the mandatory registration form prior to the deadline.
2. Maintain an updated academic profile with the department coordinator.
3. Submit all required documentation directly to the department office.

For further inquiries, contact your respective department head or faculty coordinator.",Internship,IT FIRST YEAR,IT,FIRST YEAR,CRITICAL,2026-09-07 00:00,2026-09-13,2026-09-18,TRUE,PUBLISHED
89,Annual Inter-Departmental Sports Meet Registration,"Official Notification from Greenfield Institute of Technology.

This notice serves to inform all eligible students from ALL (ALL) regarding 'Annual Inter-Departmental Sports Meet Registration'. All concerned individuals must review the guidelines carefully. Failure to adhere to the given instructions by the stipulated deadline may result in administrative restrictions or forfeiture of opportunity.

Key Requirements:
1. Complete the mandatory registration form prior to the deadline.
2. Maintain an updated academic profile with the department coordinator.
3. Submit all required documentation directly to the department office.

For further inquiries, contact your respective department head or faculty coordinator.",Infrastructure,ALL ALL,ALL,ALL,HIGH,2026-09-10 00:00,,2026-10-10,TRUE,PUBLISHED
90,Guest Lecture on Quantum Computing by Dr. Aris Thorne,"Official Notification from Greenfield Institute of Technology.

This notice serves to inform all eligible students from EEE (FIRST YEAR) regarding 'Guest Lecture on Quantum Computing by Dr. Aris Thorne'. All concerned individuals must review the guidelines carefully. Failure to adhere to the given instructions by 2026-09-12 may result in administrative restrictions or forfeiture of opportunity.

Key Requirements:
1. Complete the mandatory registration form prior to the deadline.
2. Maintain an updated academic profile with the department coordinator.
3. Submit all required documentation directly to the department office.

For further inquiries, contact your respective department head or faculty coordinator.",Placement,EEE FIRST YEAR,EEE,FIRST YEAR,CRITICAL,2026-09-02 00:00,2026-09-12,2026-09-17,TRUE,PUBLISHED
91,Laboratory Exam Schedule for MECH FINAL YEAR,"Official Notification from Greenfield Institute of Technology.

This notice serves to inform all eligible students from MECH (FINAL YEAR) regarding 'Laboratory Exam Schedule for MECH FINAL YEAR'. All concerned individuals must review the guidelines carefully. Failure to adhere to the given instructions by 2026-09-19 may result in administrative restrictions or forfeiture of opportunity.

Key Requirements:
1. Complete the mandatory registration form prior to the deadline.
2. Maintain an updated academic profile with the department coordinator.
3. Submit all required documentation directly to the department office.

For further inquiries, contact your respective department head or faculty coordinator.",Workshop,MECH FINAL YEAR,MECH,FINAL YEAR,LOW,2026-09-10 00:00,2026-09-19,2026-09-24,FALSE,PUBLISHED
92,Mandatory Workshop on Artificial Intelligence for THIRD YEAR Students,"Official Notification from Greenfield Institute of Technology.

This notice serves to inform all eligible students from CSE (THIRD YEAR) regarding 'Mandatory Workshop on Artificial Intelligence for THIRD YEAR Students'. All concerned individuals must review the guidelines carefully. Failure to adhere to the given instructions by 2026-09-24 may result in administrative restrictions or forfeiture of opportunity.

Key Requirements:
1. Complete the mandatory registration form prior to the deadline.
2. Maintain an updated academic profile with the department coordinator.
3. Submit all required documentation directly to the department office.

For further inquiries, contact your respective department head or faculty coordinator.",Placement,CSE THIRD YEAR,CSE,THIRD YEAR,URGENT,2026-09-13 00:00,2026-09-24,2026-09-29,TRUE,PUBLISHED
93,Campus Hackathon 2026 Registration Details,"Official Notification from Greenfield Institute of Technology.

This notice serves to inform all eligible students from CSE (SECOND YEAR) regarding 'Campus Hackathon 2026 Registration Details'. All concerned individuals must review the guidelines carefully. Failure to adhere to the given instructions by 2026-09-06 may result in administrative restrictions or forfeiture of opportunity.

Key Requirements:
1. Complete the mandatory registration form prior to the deadline.
2. Maintain an updated academic profile with the department coordinator.
3. Submit all required documentation directly to the department office.

For further inquiries, contact your respective department head or faculty coordinator.",Holiday,CSE SECOND YEAR,CSE,SECOND YEAR,MEDIUM,2026-09-03 00:00,2026-09-06,2026-09-11,FALSE,ARCHIVED
94,Notice Regarding Attendance Shortage Rules,"Official Notification from Greenfield Institute of Technology.

This notice serves to inform all eligible students from CIVIL (ALL) regarding 'Notice Regarding Attendance Shortage Rules'. All concerned individuals must review the guidelines carefully. Failure to adhere to the given instructions by 2026-09-18 may result in administrative restrictions or forfeiture of opportunity.

Key Requirements:
1. Complete the mandatory registration form prior to the deadline.
2. Maintain an updated academic profile with the department coordinator.
3. Submit all required documentation directly to the department office.

For further inquiries, contact your respective department head or faculty coordinator.",Club,CIVIL ALL,CIVIL,ALL,URGENT,2026-09-10 00:00,2026-09-18,2026-09-23,TRUE,DRAFT
95,Annual Inter-Departmental Sports Meet Registration,"Official Notification from Greenfield Institute of Technology.

This notice serves to inform all eligible students from CSE (ALL) regarding 'Annual Inter-Departmental Sports Meet Registration'. All concerned individuals must review the guidelines carefully. Failure to adhere to the given instructions by 2026-09-13 may result in administrative restrictions or forfeiture of opportunity.

Key Requirements:
1. Complete the mandatory registration form prior to the deadline.
2. Maintain an updated academic profile with the department coordinator.
3. Submit all required documentation directly to the department office.

For further inquiries, contact your respective department head or faculty coordinator.",Workshop,CSE ALL,CSE,ALL,LOW,2026-09-09 00:00,2026-09-13,2026-09-18,TRUE,PUBLISHED
96,National Level Technical Symposium 'ALL TechPulse 2026',"Official Notification from Greenfield Institute of Technology.

This notice serves to inform all eligible students from ALL (FIRST YEAR) regarding 'National Level Technical Symposium 'ALL TechPulse 2026''. All concerned individuals must review the guidelines carefully. Failure to adhere to the given instructions by 2026-09-24 may result in administrative restrictions or forfeiture of opportunity.

Key Requirements:
1. Complete the mandatory registration form prior to the deadline.
2. Maintain an updated academic profile with the department coordinator.
3. Submit all required documentation directly to the department office.

For further inquiries, contact your respective department head or faculty coordinator.",Placement,ALL FIRST YEAR,ALL,FIRST YEAR,MEDIUM,2026-09-15 00:00,2026-09-24,2026-09-29,TRUE,PUBLISHED
97,Notice Regarding Attendance Shortage Rules,"Official Notification from Greenfield Institute of Technology.

This notice serves to inform all eligible students from CSE (SECOND YEAR) regarding 'Notice Regarding Attendance Shortage Rules'. All concerned individuals must review the guidelines carefully. Failure to adhere to the given instructions by 2026-09-09 may result in administrative restrictions or forfeiture of opportunity.

Key Requirements:
1. Complete the mandatory registration form prior to the deadline.
2. Maintain an updated academic profile with the department coordinator.
3. Submit all required documentation directly to the department office.

For further inquiries, contact your respective department head or faculty coordinator.",Workshop,CSE SECOND YEAR,CSE,SECOND YEAR,HIGH,2026-09-03 00:00,2026-09-09,2026-09-14,TRUE,PUBLISHED
98,Campus Placement Aptitude Training Series,"Official Notification from Greenfield Institute of Technology.

This notice serves to inform all eligible students from CIVIL (FINAL YEAR) regarding 'Campus Placement Aptitude Training Series'. All concerned individuals must review the guidelines carefully. Failure to adhere to the given instructions by 2026-09-14 may result in administrative restrictions or forfeiture of opportunity.

Key Requirements:
1. Complete the mandatory registration form prior to the deadline.
2. Maintain an updated academic profile with the department coordinator.
3. Submit all required documentation directly to the department office.

For further inquiries, contact your respective department head or faculty coordinator.",Emergency,CIVIL FINAL YEAR,CIVIL,FINAL YEAR,CRITICAL,2026-09-08 00:00,2026-09-14,2026-09-19,TRUE,PUBLISHED
99,Campus Hackathon 2026 Registration Details,"Official Notification from Greenfield Institute of Technology.

This notice serves to inform all eligible students from MECH (FIRST YEAR) regarding 'Campus Hackathon 2026 Registration Details'. All concerned individuals must review the guidelines carefully. Failure to adhere to the given instructions by 2026-10-01 may result in administrative restrictions or forfeiture of opportunity.

Key Requirements:
1. Complete the mandatory registration form prior to the deadline.
2. Maintain an updated academic profile with the department coordinator.
3. Submit all required documentation directly to the department office.

For further inquiries, contact your respective department head or faculty coordinator.",General,MECH FIRST YEAR,MECH,FIRST YEAR,LOW,2026-09-20 00:00,2026-10-01,2026-10-06,FALSE,PUBLISHED
100,Guest Lecture on Quantum Computing by Dr. Aris Thorne,"Official Notification from Greenfield Institute of Technology.

This notice serves to inform all eligible students from ECE (FINAL YEAR) regarding 'Guest Lecture on Quantum Computing by Dr. Aris Thorne'. All concerned individuals must review the guidelines carefully. Failure to adhere to the given instructions by 2026-09-26 may result in administrative restrictions or forfeiture of opportunity.

Key Requirements:
1. Complete the mandatory registration form prior to the deadline.
2. Maintain an updated academic profile with the department coordinator.
3. Submit all required documentation directly to the department office.

For further inquiries, contact your respective department head or faculty coordinator.",Fees,ECE FINAL YEAR,ECE,FINAL YEAR,HIGH,2026-09-17 00:00,2026-09-26,2026-10-01,TRUE,DRAFT
101,Guest Lecture on Quantum Computing by Dr. Aris Thorne,"Official Notification from Greenfield Institute of Technology.

This notice serves to inform all eligible students from CSE (FINAL YEAR) regarding 'Guest Lecture on Quantum Computing by Dr. Aris Thorne'. All concerned individuals must review the guidelines carefully. Failure to adhere to the given instructions by the stipulated deadline may result in administrative restrictions or forfeiture of opportunity.

Key Requirements:
1. Complete the mandatory registration form prior to the deadline.
2. Maintain an updated academic profile with the department coordinator.
3. Submit all required documentation directly to the department office.

For further inquiries, contact your respective department head or faculty coordinator.",Exam,CSE FINAL YEAR,CSE,FINAL YEAR,HIGH,2026-09-01 00:00,,2026-10-01,TRUE,ARCHIVED
102,Tuition Fee Payment Deadline Notice,"Official Notification from Greenfield Institute of Technology.

This notice serves to inform all eligible students from CSE (THIRD YEAR) regarding 'Tuition Fee Payment Deadline Notice'. All concerned individuals must review the guidelines carefully. Failure to adhere to the given instructions by 2026-09-25 may result in administrative restrictions or forfeiture of opportunity.

Key Requirements:
1. Complete the mandatory registration form prior to the deadline.
2. Maintain an updated academic profile with the department coordinator.
3. Submit all required documentation directly to the department office.

For further inquiries, contact your respective department head or faculty coordinator.",Holiday,CSE THIRD YEAR,CSE,THIRD YEAR,CRITICAL,2026-09-16 00:00,2026-09-25,2026-09-30,TRUE,PUBLISHED
103,Mandatory Workshop on Artificial Intelligence for ALL Students,"Official Notification from Greenfield Institute of Technology.

This notice serves to inform all eligible students from MECH (ALL) regarding 'Mandatory Workshop on Artificial Intelligence for ALL Students'. All concerned individuals must review the guidelines carefully. Failure to adhere to the given instructions by 2026-09-23 may result in administrative restrictions or forfeiture of opportunity.

Key Requirements:
1. Complete the mandatory registration form prior to the deadline.
2. Maintain an updated academic profile with the department coordinator.
3. Submit all required documentation directly to the department office.

For further inquiries, contact your respective department head or faculty coordinator.",Workshop,MECH ALL,MECH,ALL,URGENT,2026-09-16 00:00,2026-09-23,2026-09-28,TRUE,DRAFT
104,IEEE Student Chapter Recruitment Drive,"Official Notification from Greenfield Institute of Technology.

This notice serves to inform all eligible students from ECE (SECOND YEAR) regarding 'IEEE Student Chapter Recruitment Drive'. All concerned individuals must review the guidelines carefully. Failure to adhere to the given instructions by 2026-09-18 may result in administrative restrictions or forfeiture of opportunity.

Key Requirements:
1. Complete the mandatory registration form prior to the deadline.
2. Maintain an updated academic profile with the department coordinator.
3. Submit all required documentation directly to the department office.

For further inquiries, contact your respective department head or faculty coordinator.",Event,ECE SECOND YEAR,ECE,SECOND YEAR,HIGH,2026-09-10 00:00,2026-09-18,2026-09-23,TRUE,DRAFT
105,Internship Opportunities at Global Tech Labs for ALL,"Official Notification from Greenfield Institute of Technology.

This notice serves to inform all eligible students from ALL (FIRST YEAR) regarding 'Internship Opportunities at Global Tech Labs for ALL'. All concerned individuals must review the guidelines carefully. Failure to adhere to the given instructions by 2026-09-23 may result in administrative restrictions or forfeiture of opportunity.

Key Requirements:
1. Complete the mandatory registration form prior to the deadline.
2. Maintain an updated academic profile with the department coordinator.
3. Submit all required documentation directly to the department office.

For further inquiries, contact your respective department head or faculty coordinator.",General,ALL FIRST YEAR,ALL,FIRST YEAR,URGENT,2026-09-09 00:00,2026-09-23,2026-09-28,TRUE,PUBLISHED
106,National Level Technical Symposium 'ALL TechPulse 2026',"Official Notification from Greenfield Institute of Technology.

This notice serves to inform all eligible students from ALL (FIRST YEAR) regarding 'National Level Technical Symposium 'ALL TechPulse 2026''. All concerned individuals must review the guidelines carefully. Failure to adhere to the given instructions by the stipulated deadline may result in administrative restrictions or forfeiture of opportunity.

Key Requirements:
1. Complete the mandatory registration form prior to the deadline.
2. Maintain an updated academic profile with the department coordinator.
3. Submit all required documentation directly to the department office.

For further inquiries, contact your respective department head or faculty coordinator.",Scholarship,ALL FIRST YEAR,ALL,FIRST YEAR,CRITICAL,2026-09-02 00:00,,2026-10-02,TRUE,DRAFT
107,Guest Lecture on Quantum Computing by Dr. Aris Thorne,"Official Notification from Greenfield Institute of Technology.

This notice serves to inform all eligible students from DS (FINAL YEAR) regarding 'Guest Lecture on Quantum Computing by Dr. Aris Thorne'. All concerned individuals must review the guidelines carefully. Failure to adhere to the given instructions by the stipulated deadline may result in administrative restrictions or forfeiture of opportunity.

Key Requirements:
1. Complete the mandatory registration form prior to the deadline.
2. Maintain an updated academic profile with the department coordinator.
3. Submit all required documentation directly to the department office.

For further inquiries, contact your respective department head or faculty coordinator.",Event,DS FINAL YEAR,DS,FINAL YEAR,LOW,2026-09-18 00:00,,2026-10-18,FALSE,PUBLISHED
108,Emergency Maintenance: Power Shutdown in Academic Block B,"Official Notification from Greenfield Institute of Technology.

This notice serves to inform all eligible students from DS (FIRST YEAR) regarding 'Emergency Maintenance: Power Shutdown in Academic Block B'. All concerned individuals must review the guidelines carefully. Failure to adhere to the given instructions by 2026-09-08 may result in administrative restrictions or forfeiture of opportunity.

Key Requirements:
1. Complete the mandatory registration form prior to the deadline.
2. Maintain an updated academic profile with the department coordinator.
3. Submit all required documentation directly to the department office.

For further inquiries, contact your respective department head or faculty coordinator.",Fees,DS FIRST YEAR,DS,FIRST YEAR,LOW,2026-09-06 00:00,2026-09-08,2026-09-13,TRUE,ARCHIVED
109,Notice Regarding Attendance Shortage Rules,"Official Notification from Greenfield Institute of Technology.

This notice serves to inform all eligible students from AI (FIRST YEAR) regarding 'Notice Regarding Attendance Shortage Rules'. All concerned individuals must review the guidelines carefully. Failure to adhere to the given instructions by 2026-09-08 may result in administrative restrictions or forfeiture of opportunity.

Key Requirements:
1. Complete the mandatory registration form prior to the deadline.
2. Maintain an updated academic profile with the department coordinator.
3. Submit all required documentation directly to the department office.

For further inquiries, contact your respective department head or faculty coordinator.",Sports,AI FIRST YEAR,AI,FIRST YEAR,MEDIUM,2026-09-04 00:00,2026-09-08,2026-09-13,FALSE,PUBLISHED
110,IEEE Student Chapter Recruitment Drive,"Official Notification from Greenfield Institute of Technology.

This notice serves to inform all eligible students from EEE (ALL) regarding 'IEEE Student Chapter Recruitment Drive'. All concerned individuals must review the guidelines carefully. Failure to adhere to the given instructions by the stipulated deadline may result in administrative restrictions or forfeiture of opportunity.

Key Requirements:
1. Complete the mandatory registration form prior to the deadline.
2. Maintain an updated academic profile with the department coordinator.
3. Submit all required documentation directly to the department office.

For further inquiries, contact your respective department head or faculty coordinator.",Infrastructure,EEE ALL,EEE,ALL,HIGH,2026-09-16 00:00,,2026-10-16,TRUE,DRAFT
111,Code of Conduct and Anti-Ragging Mandatory Briefing,"Official Notification from Greenfield Institute of Technology.

This notice serves to inform all eligible students from MECH (FINAL YEAR) regarding 'Code of Conduct and Anti-Ragging Mandatory Briefing'. All concerned individuals must review the guidelines carefully. Failure to adhere to the given instructions by 2026-09-11 may result in administrative restrictions or forfeiture of opportunity.

Key Requirements:
1. Complete the mandatory registration form prior to the deadline.
2. Maintain an updated academic profile with the department coordinator.
3. Submit all required documentation directly to the department office.

For further inquiries, contact your respective department head or faculty coordinator.",Sports,MECH FINAL YEAR,MECH,FINAL YEAR,MEDIUM,2026-09-05 00:00,2026-09-11,2026-09-16,FALSE,ARCHIVED
112,Campus Hackathon 2026 Registration Details,"Official Notification from Greenfield Institute of Technology.

This notice serves to inform all eligible students from ALL (THIRD YEAR) regarding 'Campus Hackathon 2026 Registration Details'. All concerned individuals must review the guidelines carefully. Failure to adhere to the given instructions by 2026-10-01 may result in administrative restrictions or forfeiture of opportunity.

Key Requirements:
1. Complete the mandatory registration form prior to the deadline.
2. Maintain an updated academic profile with the department coordinator.
3. Submit all required documentation directly to the department office.

For further inquiries, contact your respective department head or faculty coordinator.",Event,ALL THIRD YEAR,ALL,THIRD YEAR,LOW,2026-09-19 00:00,2026-10-01,2026-10-06,FALSE,PUBLISHED
113,Library Book Return & Fine Waiver Week,"Official Notification from Greenfield Institute of Technology.

This notice serves to inform all eligible students from MECH (FINAL YEAR) regarding 'Library Book Return & Fine Waiver Week'. All concerned individuals must review the guidelines carefully. Failure to adhere to the given instructions by 2026-09-21 may result in administrative restrictions or forfeiture of opportunity.

Key Requirements:
1. Complete the mandatory registration form prior to the deadline.
2. Maintain an updated academic profile with the department coordinator.
3. Submit all required documentation directly to the department office.

For further inquiries, contact your respective department head or faculty coordinator.",General,MECH FINAL YEAR,MECH,FINAL YEAR,CRITICAL,2026-09-11 00:00,2026-09-21,2026-09-26,TRUE,DRAFT
114,Laboratory Exam Schedule for DS THIRD YEAR,"Official Notification from Greenfield Institute of Technology.

This notice serves to inform all eligible students from DS (THIRD YEAR) regarding 'Laboratory Exam Schedule for DS THIRD YEAR'. All concerned individuals must review the guidelines carefully. Failure to adhere to the given instructions by the stipulated deadline may result in administrative restrictions or forfeiture of opportunity.

Key Requirements:
1. Complete the mandatory registration form prior to the deadline.
2. Maintain an updated academic profile with the department coordinator.
3. Submit all required documentation directly to the department office.

For further inquiries, contact your respective department head or faculty coordinator.",Scholarship,DS THIRD YEAR,DS,THIRD YEAR,MEDIUM,2026-09-13 00:00,,2026-10-13,FALSE,PUBLISHED
115,Merit Scholarship Applications Open for FINAL YEAR,"Official Notification from Greenfield Institute of Technology.

This notice serves to inform all eligible students from IT (FINAL YEAR) regarding 'Merit Scholarship Applications Open for FINAL YEAR'. All concerned individuals must review the guidelines carefully. Failure to adhere to the given instructions by 2026-09-20 may result in administrative restrictions or forfeiture of opportunity.

Key Requirements:
1. Complete the mandatory registration form prior to the deadline.
2. Maintain an updated academic profile with the department coordinator.
3. Submit all required documentation directly to the department office.

For further inquiries, contact your respective department head or faculty coordinator.",Academic,IT FINAL YEAR,IT,FINAL YEAR,URGENT,2026-09-16 00:00,2026-09-20,2026-09-25,TRUE,DRAFT
116,Code of Conduct and Anti-Ragging Mandatory Briefing,"Official Notification from Greenfield Institute of Technology.

This notice serves to inform all eligible students from IT (FIRST YEAR) regarding 'Code of Conduct and Anti-Ragging Mandatory Briefing'. All concerned individuals must review the guidelines carefully. Failure to adhere to the given instructions by the stipulated deadline may result in administrative restrictions or forfeiture of opportunity.

Key Requirements:
1. Complete the mandatory registration form prior to the deadline.
2. Maintain an updated academic profile with the department coordinator.
3. Submit all required documentation directly to the department office.

For further inquiries, contact your respective department head or faculty coordinator.",Sports,IT FIRST YEAR,IT,FIRST YEAR,URGENT,2026-09-15 00:00,,2026-10-15,TRUE,PUBLISHED
117,Guest Lecture on Quantum Computing by Dr. Aris Thorne,"Official Notification from Greenfield Institute of Technology.

This notice serves to inform all eligible students from AI (SECOND YEAR) regarding 'Guest Lecture on Quantum Computing by Dr. Aris Thorne'. All concerned individuals must review the guidelines carefully. Failure to adhere to the given instructions by 2026-09-19 may result in administrative restrictions or forfeiture of opportunity.

Key Requirements:
1. Complete the mandatory registration form prior to the deadline.
2. Maintain an updated academic profile with the department coordinator.
3. Submit all required documentation directly to the department office.

For further inquiries, contact your respective department head or faculty coordinator.",Placement,AI SECOND YEAR,AI,SECOND YEAR,LOW,2026-09-11 00:00,2026-09-19,2026-09-24,TRUE,DRAFT
118,Internship Opportunities at Global Tech Labs for ECE,"Official Notification from Greenfield Institute of Technology.

This notice serves to inform all eligible students from ECE (THIRD YEAR) regarding 'Internship Opportunities at Global Tech Labs for ECE'. All concerned individuals must review the guidelines carefully. Failure to adhere to the given instructions by 2026-10-05 may result in administrative restrictions or forfeiture of opportunity.

Key Requirements:
1. Complete the mandatory registration form prior to the deadline.
2. Maintain an updated academic profile with the department coordinator.
3. Submit all required documentation directly to the department office.

For further inquiries, contact your respective department head or faculty coordinator.",Holiday,ECE THIRD YEAR,ECE,THIRD YEAR,CRITICAL,2026-09-21 00:00,2026-10-05,2026-10-10,TRUE,DRAFT
119,Emergency Maintenance: Power Shutdown in Academic Block B,"Official Notification from Greenfield Institute of Technology.

This notice serves to inform all eligible students from ALL (FIRST YEAR) regarding 'Emergency Maintenance: Power Shutdown in Academic Block B'. All concerned individuals must review the guidelines carefully. Failure to adhere to the given instructions by 2026-09-27 may result in administrative restrictions or forfeiture of opportunity.

Key Requirements:
1. Complete the mandatory registration form prior to the deadline.
2. Maintain an updated academic profile with the department coordinator.
3. Submit all required documentation directly to the department office.

For further inquiries, contact your respective department head or faculty coordinator.",Fees,ALL FIRST YEAR,ALL,FIRST YEAR,CRITICAL,2026-09-21 00:00,2026-09-27,2026-10-02,TRUE,PUBLISHED
120,Notice Regarding Attendance Shortage Rules,"Official Notification from Greenfield Institute of Technology.

This notice serves to inform all eligible students from ECE (FINAL YEAR) regarding 'Notice Regarding Attendance Shortage Rules'. All concerned individuals must review the guidelines carefully. Failure to adhere to the given instructions by 2026-09-08 may result in administrative restrictions or forfeiture of opportunity.

Key Requirements:
1. Complete the mandatory registration form prior to the deadline.
2. Maintain an updated academic profile with the department coordinator.
3. Submit all required documentation directly to the department office.

For further inquiries, contact your respective department head or faculty coordinator.",Internship,ECE FINAL YEAR,ECE,FINAL YEAR,LOW,2026-09-06 00:00,2026-09-08,2026-09-13,TRUE,PUBLISHED
121,National Level Technical Symposium 'CSE TechPulse 2026',"Official Notification from Greenfield Institute of Technology.

This notice serves to inform all eligible students from CSE (THIRD YEAR) regarding 'National Level Technical Symposium 'CSE TechPulse 2026''. All concerned individuals must review the guidelines carefully. Failure to adhere to the given instructions by the stipulated deadline may result in administrative restrictions or forfeiture of opportunity.

Key Requirements:
1. Complete the mandatory registration form prior to the deadline.
2. Maintain an updated academic profile with the department coordinator.
3. Submit all required documentation directly to the department office.

For further inquiries, contact your respective department head or faculty coordinator.",Event,CSE THIRD YEAR,CSE,THIRD YEAR,HIGH,2026-09-05 00:00,,2026-10-05,TRUE,PUBLISHED
122,Holiday Announcement: Founder's Day Celebration,"Official Notification from Greenfield Institute of Technology.

This notice serves to inform all eligible students from MECH (SECOND YEAR) regarding 'Holiday Announcement: Founder's Day Celebration'. All concerned individuals must review the guidelines carefully. Failure to adhere to the given instructions by 2026-09-18 may result in administrative restrictions or forfeiture of opportunity.

Key Requirements:
1. Complete the mandatory registration form prior to the deadline.
2. Maintain an updated academic profile with the department coordinator.
3. Submit all required documentation directly to the department office.

For further inquiries, contact your respective department head or faculty coordinator.",Scholarship,MECH SECOND YEAR,MECH,SECOND YEAR,MEDIUM,2026-09-13 00:00,2026-09-18,2026-09-23,FALSE,PUBLISHED
123,Notice Regarding Attendance Shortage Rules,"Official Notification from Greenfield Institute of Technology.

This notice serves to inform all eligible students from MECH (SECOND YEAR) regarding 'Notice Regarding Attendance Shortage Rules'. All concerned individuals must review the guidelines carefully. Failure to adhere to the given instructions by 2026-09-23 may result in administrative restrictions or forfeiture of opportunity.

Key Requirements:
1. Complete the mandatory registration form prior to the deadline.
2. Maintain an updated academic profile with the department coordinator.
3. Submit all required documentation directly to the department office.

For further inquiries, contact your respective department head or faculty coordinator.",Club,MECH SECOND YEAR,MECH,SECOND YEAR,URGENT,2026-09-09 00:00,2026-09-23,2026-09-28,TRUE,PUBLISHED
124,Notice Regarding Attendance Shortage Rules,"Official Notification from Greenfield Institute of Technology.

This notice serves to inform all eligible students from EEE (ALL) regarding 'Notice Regarding Attendance Shortage Rules'. All concerned individuals must review the guidelines carefully. Failure to adhere to the given instructions by 2026-09-18 may result in administrative restrictions or forfeiture of opportunity.

Key Requirements:
1. Complete the mandatory registration form prior to the deadline.
2. Maintain an updated academic profile with the department coordinator.
3. Submit all required documentation directly to the department office.

For further inquiries, contact your respective department head or faculty coordinator.",Fees,EEE ALL,EEE,ALL,MEDIUM,2026-09-12 00:00,2026-09-18,2026-09-23,TRUE,PUBLISHED
125,Annual Inter-Departmental Sports Meet Registration,"Official Notification from Greenfield Institute of Technology.

This notice serves to inform all eligible students from AI (THIRD YEAR) regarding 'Annual Inter-Departmental Sports Meet Registration'. All concerned individuals must review the guidelines carefully. Failure to adhere to the given instructions by 2026-09-16 may result in administrative restrictions or forfeiture of opportunity.

Key Requirements:
1. Complete the mandatory registration form prior to the deadline.
2. Maintain an updated academic profile with the department coordinator.
3. Submit all required documentation directly to the department office.

For further inquiries, contact your respective department head or faculty coordinator.",Holiday,AI THIRD YEAR,AI,THIRD YEAR,URGENT,2026-09-13 00:00,2026-09-16,2026-09-21,TRUE,PUBLISHED
126,Campus Hackathon 2026 Registration Details,"Official Notification from Greenfield Institute of Technology.

This notice serves to inform all eligible students from AI (ALL) regarding 'Campus Hackathon 2026 Registration Details'. All concerned individuals must review the guidelines carefully. Failure to adhere to the given instructions by the stipulated deadline may result in administrative restrictions or forfeiture of opportunity.

Key Requirements:
1. Complete the mandatory registration form prior to the deadline.
2. Maintain an updated academic profile with the department coordinator.
3. Submit all required documentation directly to the department office.

For further inquiries, contact your respective department head or faculty coordinator.",Internship,AI ALL,AI,ALL,HIGH,2026-09-10 00:00,,2026-10-10,TRUE,ARCHIVED
127,Submission of AI Semester Project Reports,"Official Notification from Greenfield Institute of Technology.

This notice serves to inform all eligible students from AI (THIRD YEAR) regarding 'Submission of AI Semester Project Reports'. All concerned individuals must review the guidelines carefully. Failure to adhere to the given instructions by 2026-09-26 may result in administrative restrictions or forfeiture of opportunity.

Key Requirements:
1. Complete the mandatory registration form prior to the deadline.
2. Maintain an updated academic profile with the department coordinator.
3. Submit all required documentation directly to the department office.

For further inquiries, contact your respective department head or faculty coordinator.",General,AI THIRD YEAR,AI,THIRD YEAR,LOW,2026-09-20 00:00,2026-09-26,2026-10-01,TRUE,ARCHIVED
128,Guest Lecture on Quantum Computing by Dr. Aris Thorne,"Official Notification from Greenfield Institute of Technology.

This notice serves to inform all eligible students from IT (SECOND YEAR) regarding 'Guest Lecture on Quantum Computing by Dr. Aris Thorne'. All concerned individuals must review the guidelines carefully. Failure to adhere to the given instructions by 2026-09-17 may result in administrative restrictions or forfeiture of opportunity.

Key Requirements:
1. Complete the mandatory registration form prior to the deadline.
2. Maintain an updated academic profile with the department coordinator.
3. Submit all required documentation directly to the department office.

For further inquiries, contact your respective department head or faculty coordinator.",Club,IT SECOND YEAR,IT,SECOND YEAR,MEDIUM,2026-09-05 00:00,2026-09-17,2026-09-22,TRUE,ARCHIVED
129,Merit Scholarship Applications Open for FIRST YEAR,"Official Notification from Greenfield Institute of Technology.

This notice serves to inform all eligible students from DS (FIRST YEAR) regarding 'Merit Scholarship Applications Open for FIRST YEAR'. All concerned individuals must review the guidelines carefully. Failure to adhere to the given instructions by 2026-09-10 may result in administrative restrictions or forfeiture of opportunity.

Key Requirements:
1. Complete the mandatory registration form prior to the deadline.
2. Maintain an updated academic profile with the department coordinator.
3. Submit all required documentation directly to the department office.

For further inquiries, contact your respective department head or faculty coordinator.",Workshop,DS FIRST YEAR,DS,FIRST YEAR,CRITICAL,2026-09-03 00:00,2026-09-10,2026-09-15,TRUE,PUBLISHED
130,Campus Placement Aptitude Training Series,"Official Notification from Greenfield Institute of Technology.

This notice serves to inform all eligible students from AI (SECOND YEAR) regarding 'Campus Placement Aptitude Training Series'. All concerned individuals must review the guidelines carefully. Failure to adhere to the given instructions by 2026-09-18 may result in administrative restrictions or forfeiture of opportunity.

Key Requirements:
1. Complete the mandatory registration form prior to the deadline.
2. Maintain an updated academic profile with the department coordinator.
3. Submit all required documentation directly to the department office.

For further inquiries, contact your respective department head or faculty coordinator.",Infrastructure,AI SECOND YEAR,AI,SECOND YEAR,MEDIUM,2026-09-12 00:00,2026-09-18,2026-09-23,TRUE,PUBLISHED
131,Notice Regarding Attendance Shortage Rules,"Official Notification from Greenfield Institute of Technology.

This notice serves to inform all eligible students from DS (THIRD YEAR) regarding 'Notice Regarding Attendance Shortage Rules'. All concerned individuals must review the guidelines carefully. Failure to adhere to the given instructions by the stipulated deadline may result in administrative restrictions or forfeiture of opportunity.

Key Requirements:
1. Complete the mandatory registration form prior to the deadline.
2. Maintain an updated academic profile with the department coordinator.
3. Submit all required documentation directly to the department office.

For further inquiries, contact your respective department head or faculty coordinator.",Workshop,DS THIRD YEAR,DS,THIRD YEAR,HIGH,2026-09-03 00:00,,2026-10-03,TRUE,PUBLISHED
132,Hostel Mess Committee Meeting Notice,"Official Notification from Greenfield Institute of Technology.

This notice serves to inform all eligible students from AI (ALL) regarding 'Hostel Mess Committee Meeting Notice'. All concerned individuals must review the guidelines carefully. Failure to adhere to the given instructions by the stipulated deadline may result in administrative restrictions or forfeiture of opportunity.

Key Requirements:
1. Complete the mandatory registration form prior to the deadline.
2. Maintain an updated academic profile with the department coordinator.
3. Submit all required documentation directly to the department office.

For further inquiries, contact your respective department head or faculty coordinator.",Internship,AI ALL,AI,ALL,HIGH,2026-09-01 00:00,,2026-10-01,TRUE,PUBLISHED
133,Hostel Mess Committee Meeting Notice,"Official Notification from Greenfield Institute of Technology.

This notice serves to inform all eligible students from DS (THIRD YEAR) regarding 'Hostel Mess Committee Meeting Notice'. All concerned individuals must review the guidelines carefully. Failure to adhere to the given instructions by 2026-09-24 may result in administrative restrictions or forfeiture of opportunity.

Key Requirements:
1. Complete the mandatory registration form prior to the deadline.
2. Maintain an updated academic profile with the department coordinator.
3. Submit all required documentation directly to the department office.

For further inquiries, contact your respective department head or faculty coordinator.",Exam,DS THIRD YEAR,DS,THIRD YEAR,HIGH,2026-09-21 00:00,2026-09-24,2026-09-29,TRUE,ARCHIVED
134,Campus Placement Aptitude Training Series,"Official Notification from Greenfield Institute of Technology.

This notice serves to inform all eligible students from CIVIL (FINAL YEAR) regarding 'Campus Placement Aptitude Training Series'. All concerned individuals must review the guidelines carefully. Failure to adhere to the given instructions by 2026-09-16 may result in administrative restrictions or forfeiture of opportunity.

Key Requirements:
1. Complete the mandatory registration form prior to the deadline.
2. Maintain an updated academic profile with the department coordinator.
3. Submit all required documentation directly to the department office.

For further inquiries, contact your respective department head or faculty coordinator.",Holiday,CIVIL FINAL YEAR,CIVIL,FINAL YEAR,LOW,2026-09-11 00:00,2026-09-16,2026-09-21,TRUE,ARCHIVED
135,Merit Scholarship Applications Open for THIRD YEAR,"Official Notification from Greenfield Institute of Technology.

This notice serves to inform all eligible students from DS (THIRD YEAR) regarding 'Merit Scholarship Applications Open for THIRD YEAR'. All concerned individuals must review the guidelines carefully. Failure to adhere to the given instructions by 2026-09-08 may result in administrative restrictions or forfeiture of opportunity.

Key Requirements:
1. Complete the mandatory registration form prior to the deadline.
2. Maintain an updated academic profile with the department coordinator.
3. Submit all required documentation directly to the department office.

For further inquiries, contact your respective department head or faculty coordinator.",Holiday,DS THIRD YEAR,DS,THIRD YEAR,URGENT,2026-09-02 00:00,2026-09-08,2026-09-13,TRUE,PUBLISHED
136,Merit Scholarship Applications Open for FIRST YEAR,"Official Notification from Greenfield Institute of Technology.

This notice serves to inform all eligible students from ECE (FIRST YEAR) regarding 'Merit Scholarship Applications Open for FIRST YEAR'. All concerned individuals must review the guidelines carefully. Failure to adhere to the given instructions by 2026-09-25 may result in administrative restrictions or forfeiture of opportunity.

Key Requirements:
1. Complete the mandatory registration form prior to the deadline.
2. Maintain an updated academic profile with the department coordinator.
3. Submit all required documentation directly to the department office.

For further inquiries, contact your respective department head or faculty coordinator.",Fees,ECE FIRST YEAR,ECE,FIRST YEAR,MEDIUM,2026-09-13 00:00,2026-09-25,2026-09-30,TRUE,ARCHIVED
137,National Level Technical Symposium 'ALL TechPulse 2026',"Official Notification from Greenfield Institute of Technology.

This notice serves to inform all eligible students from ALL (FINAL YEAR) regarding 'National Level Technical Symposium 'ALL TechPulse 2026''. All concerned individuals must review the guidelines carefully. Failure to adhere to the given instructions by the stipulated deadline may result in administrative restrictions or forfeiture of opportunity.

Key Requirements:
1. Complete the mandatory registration form prior to the deadline.
2. Maintain an updated academic profile with the department coordinator.
3. Submit all required documentation directly to the department office.

For further inquiries, contact your respective department head or faculty coordinator.",Infrastructure,ALL FINAL YEAR,ALL,FINAL YEAR,CRITICAL,2026-09-21 00:00,,2026-10-21,TRUE,PUBLISHED
138,Annual Inter-Departmental Sports Meet Registration,"Official Notification from Greenfield Institute of Technology.

This notice serves to inform all eligible students from AI (THIRD YEAR) regarding 'Annual Inter-Departmental Sports Meet Registration'. All concerned individuals must review the guidelines carefully. Failure to adhere to the given instructions by 2026-09-20 may result in administrative restrictions or forfeiture of opportunity.

Key Requirements:
1. Complete the mandatory registration form prior to the deadline.
2. Maintain an updated academic profile with the department coordinator.
3. Submit all required documentation directly to the department office.

For further inquiries, contact your respective department head or faculty coordinator.",Fees,AI THIRD YEAR,AI,THIRD YEAR,LOW,2026-09-15 00:00,2026-09-20,2026-09-25,TRUE,PUBLISHED
139,Library Book Return & Fine Waiver Week,"Official Notification from Greenfield Institute of Technology.

This notice serves to inform all eligible students from IT (FIRST YEAR) regarding 'Library Book Return & Fine Waiver Week'. All concerned individuals must review the guidelines carefully. Failure to adhere to the given instructions by 2026-09-07 may result in administrative restrictions or forfeiture of opportunity.

Key Requirements:
1. Complete the mandatory registration form prior to the deadline.
2. Maintain an updated academic profile with the department coordinator.
3. Submit all required documentation directly to the department office.

For further inquiries, contact your respective department head or faculty coordinator.",General,IT FIRST YEAR,IT,FIRST YEAR,HIGH,2026-09-02 00:00,2026-09-07,2026-09-12,TRUE,ARCHIVED
140,Final Year DS Placement Drive with TechCorp,"Official Notification from Greenfield Institute of Technology.

This notice serves to inform all eligible students from DS (FIRST YEAR) regarding 'Final Year DS Placement Drive with TechCorp'. All concerned individuals must review the guidelines carefully. Failure to adhere to the given instructions by 2026-09-07 may result in administrative restrictions or forfeiture of opportunity.

Key Requirements:
1. Complete the mandatory registration form prior to the deadline.
2. Maintain an updated academic profile with the department coordinator.
3. Submit all required documentation directly to the department office.

For further inquiries, contact your respective department head or faculty coordinator.",Exam,DS FIRST YEAR,DS,FIRST YEAR,MEDIUM,2026-09-02 00:00,2026-09-07,2026-09-12,TRUE,ARCHIVED
141,Laboratory Exam Schedule for CIVIL FIRST YEAR,"Official Notification from Greenfield Institute of Technology.

This notice serves to inform all eligible students from CIVIL (FIRST YEAR) regarding 'Laboratory Exam Schedule for CIVIL FIRST YEAR'. All concerned individuals must review the guidelines carefully. Failure to adhere to the given instructions by 2026-09-12 may result in administrative restrictions or forfeiture of opportunity.

Key Requirements:
1. Complete the mandatory registration form prior to the deadline.
2. Maintain an updated academic profile with the department coordinator.
3. Submit all required documentation directly to the department office.

For further inquiries, contact your respective department head or faculty coordinator.",Placement,CIVIL FIRST YEAR,CIVIL,FIRST YEAR,CRITICAL,2026-09-07 00:00,2026-09-12,2026-09-17,TRUE,PUBLISHED
142,Merit Scholarship Applications Open for ALL,"Official Notification from Greenfield Institute of Technology.

This notice serves to inform all eligible students from MECH (ALL) regarding 'Merit Scholarship Applications Open for ALL'. All concerned individuals must review the guidelines carefully. Failure to adhere to the given instructions by 2026-09-19 may result in administrative restrictions or forfeiture of opportunity.

Key Requirements:
1. Complete the mandatory registration form prior to the deadline.
2. Maintain an updated academic profile with the department coordinator.
3. Submit all required documentation directly to the department office.

For further inquiries, contact your respective department head or faculty coordinator.",Event,MECH ALL,MECH,ALL,LOW,2026-09-05 00:00,2026-09-19,2026-09-24,TRUE,PUBLISHED
143,Emergency Maintenance: Power Shutdown in Academic Block B,"Official Notification from Greenfield Institute of Technology.

This notice serves to inform all eligible students from CSE (SECOND YEAR) regarding 'Emergency Maintenance: Power Shutdown in Academic Block B'. All concerned individuals must review the guidelines carefully. Failure to adhere to the given instructions by 2026-09-23 may result in administrative restrictions or forfeiture of opportunity.

Key Requirements:
1. Complete the mandatory registration form prior to the deadline.
2. Maintain an updated academic profile with the department coordinator.
3. Submit all required documentation directly to the department office.

For further inquiries, contact your respective department head or faculty coordinator.",Exam,CSE SECOND YEAR,CSE,SECOND YEAR,LOW,2026-09-19 00:00,2026-09-23,2026-09-28,TRUE,PUBLISHED
144,Mid-Term Examination Schedule Released for CSE,"Official Notification from Greenfield Institute of Technology.

This notice serves to inform all eligible students from CSE (SECOND YEAR) regarding 'Mid-Term Examination Schedule Released for CSE'. All concerned individuals must review the guidelines carefully. Failure to adhere to the given instructions by 2026-09-17 may result in administrative restrictions or forfeiture of opportunity.

Key Requirements:
1. Complete the mandatory registration form prior to the deadline.
2. Maintain an updated academic profile with the department coordinator.
3. Submit all required documentation directly to the department office.

For further inquiries, contact your respective department head or faculty coordinator.",Workshop,CSE SECOND YEAR,CSE,SECOND YEAR,URGENT,2026-09-03 00:00,2026-09-17,2026-09-22,TRUE,ARCHIVED
145,Code of Conduct and Anti-Ragging Mandatory Briefing,"Official Notification from Greenfield Institute of Technology.

This notice serves to inform all eligible students from ALL (ALL) regarding 'Code of Conduct and Anti-Ragging Mandatory Briefing'. All concerned individuals must review the guidelines carefully. Failure to adhere to the given instructions by 2026-09-10 may result in administrative restrictions or forfeiture of opportunity.

Key Requirements:
1. Complete the mandatory registration form prior to the deadline.
2. Maintain an updated academic profile with the department coordinator.
3. Submit all required documentation directly to the department office.

For further inquiries, contact your respective department head or faculty coordinator.",Event,ALL ALL,ALL,ALL,LOW,2026-09-08 00:00,2026-09-10,2026-09-15,FALSE,DRAFT
146,National Level Technical Symposium 'CSE TechPulse 2026',"Official Notification from Greenfield Institute of Technology.

This notice serves to inform all eligible students from CSE (FIRST YEAR) regarding 'National Level Technical Symposium 'CSE TechPulse 2026''. All concerned individuals must review the guidelines carefully. Failure to adhere to the given instructions by 2026-09-13 may result in administrative restrictions or forfeiture of opportunity.

Key Requirements:
1. Complete the mandatory registration form prior to the deadline.
2. Maintain an updated academic profile with the department coordinator.
3. Submit all required documentation directly to the department office.

For further inquiries, contact your respective department head or faculty coordinator.",Fees,CSE FIRST YEAR,CSE,FIRST YEAR,URGENT,2026-09-04 00:00,2026-09-13,2026-09-18,TRUE,DRAFT
147,Mandatory Workshop on Artificial Intelligence for THIRD YEAR Students,"Official Notification from Greenfield Institute of Technology.

This notice serves to inform all eligible students from ECE (THIRD YEAR) regarding 'Mandatory Workshop on Artificial Intelligence for THIRD YEAR Students'. All concerned individuals must review the guidelines carefully. Failure to adhere to the given instructions by the stipulated deadline may result in administrative restrictions or forfeiture of opportunity.

Key Requirements:
1. Complete the mandatory registration form prior to the deadline.
2. Maintain an updated academic profile with the department coordinator.
3. Submit all required documentation directly to the department office.

For further inquiries, contact your respective department head or faculty coordinator.",Exam,ECE THIRD YEAR,ECE,THIRD YEAR,CRITICAL,2026-09-05 00:00,,2026-10-05,TRUE,PUBLISHED
148,Code of Conduct and Anti-Ragging Mandatory Briefing,"Official Notification from Greenfield Institute of Technology.

This notice serves to inform all eligible students from ALL (THIRD YEAR) regarding 'Code of Conduct and Anti-Ragging Mandatory Briefing'. All concerned individuals must review the guidelines carefully. Failure to adhere to the given instructions by 2026-09-21 may result in administrative restrictions or forfeiture of opportunity.

Key Requirements:
1. Complete the mandatory registration form prior to the deadline.
2. Maintain an updated academic profile with the department coordinator.
3. Submit all required documentation directly to the department office.

For further inquiries, contact your respective department head or faculty coordinator.",Holiday,ALL THIRD YEAR,ALL,THIRD YEAR,URGENT,2026-09-10 00:00,2026-09-21,2026-09-26,TRUE,ARCHIVED
149,National Level Technical Symposium 'ECE TechPulse 2026',"Official Notification from Greenfield Institute of Technology.

This notice serves to inform all eligible students from ECE (FIRST YEAR) regarding 'National Level Technical Symposium 'ECE TechPulse 2026''. All concerned individuals must review the guidelines carefully. Failure to adhere to the given instructions by 2026-09-23 may result in administrative restrictions or forfeiture of opportunity.

Key Requirements:
1. Complete the mandatory registration form prior to the deadline.
2. Maintain an updated academic profile with the department coordinator.
3. Submit all required documentation directly to the department office.

For further inquiries, contact your respective department head or faculty coordinator.",Scholarship,ECE FIRST YEAR,ECE,FIRST YEAR,CRITICAL,2026-09-15 00:00,2026-09-23,2026-09-28,TRUE,PUBLISHED
150,Internship Opportunities at Global Tech Labs for DS,"Official Notification from Greenfield Institute of Technology.

This notice serves to inform all eligible students from DS (FINAL YEAR) regarding 'Internship Opportunities at Global Tech Labs for DS'. All concerned individuals must review the guidelines carefully. Failure to adhere to the given instructions by 2026-09-20 may result in administrative restrictions or forfeiture of opportunity.

Key Requirements:
1. Complete the mandatory registration form prior to the deadline.
2. Maintain an updated academic profile with the department coordinator.
3. Submit all required documentation directly to the department office.

For further inquiries, contact your respective department head or faculty coordinator.",Event,DS FINAL YEAR,DS,FINAL YEAR,URGENT,2026-09-14 00:00,2026-09-20,2026-09-25,TRUE,PUBLISHED
151,Mandatory Workshop on Artificial Intelligence for FINAL YEAR Students,"Official Notification from Greenfield Institute of Technology.

This notice serves to inform all eligible students from MECH (FINAL YEAR) regarding 'Mandatory Workshop on Artificial Intelligence for FINAL YEAR Students'. All concerned individuals must review the guidelines carefully. Failure to adhere to the given instructions by 2026-09-16 may result in administrative restrictions or forfeiture of opportunity.

Key Requirements:
1. Complete the mandatory registration form prior to the deadline.
2. Maintain an updated academic profile with the department coordinator.
3. Submit all required documentation directly to the department office.

For further inquiries, contact your respective department head or faculty coordinator.",Event,MECH FINAL YEAR,MECH,FINAL YEAR,LOW,2026-09-03 00:00,2026-09-16,2026-09-21,FALSE,PUBLISHED
152,Laboratory Exam Schedule for MECH ALL,"Official Notification from Greenfield Institute of Technology.

This notice serves to inform all eligible students from MECH (ALL) regarding 'Laboratory Exam Schedule for MECH ALL'. All concerned individuals must review the guidelines carefully. Failure to adhere to the given instructions by 2026-09-30 may result in administrative restrictions or forfeiture of opportunity.

Key Requirements:
1. Complete the mandatory registration form prior to the deadline.
2. Maintain an updated academic profile with the department coordinator.
3. Submit all required documentation directly to the department office.

For further inquiries, contact your respective department head or faculty coordinator.",Emergency,MECH ALL,MECH,ALL,CRITICAL,2026-09-18 00:00,2026-09-30,2026-10-05,TRUE,PUBLISHED
153,Campus Hackathon 2026 Registration Details,"Official Notification from Greenfield Institute of Technology.

This notice serves to inform all eligible students from AI (THIRD YEAR) regarding 'Campus Hackathon 2026 Registration Details'. All concerned individuals must review the guidelines carefully. Failure to adhere to the given instructions by 2026-09-23 may result in administrative restrictions or forfeiture of opportunity.

Key Requirements:
1. Complete the mandatory registration form prior to the deadline.
2. Maintain an updated academic profile with the department coordinator.
3. Submit all required documentation directly to the department office.

For further inquiries, contact your respective department head or faculty coordinator.",Exam,AI THIRD YEAR,AI,THIRD YEAR,URGENT,2026-09-20 00:00,2026-09-23,2026-09-28,TRUE,PUBLISHED
154,Emergency Maintenance: Power Shutdown in Academic Block B,"Official Notification from Greenfield Institute of Technology.

This notice serves to inform all eligible students from ALL (SECOND YEAR) regarding 'Emergency Maintenance: Power Shutdown in Academic Block B'. All concerned individuals must review the guidelines carefully. Failure to adhere to the given instructions by 2026-09-14 may result in administrative restrictions or forfeiture of opportunity.

Key Requirements:
1. Complete the mandatory registration form prior to the deadline.
2. Maintain an updated academic profile with the department coordinator.
3. Submit all required documentation directly to the department office.

For further inquiries, contact your respective department head or faculty coordinator.",Club,ALL SECOND YEAR,ALL,SECOND YEAR,MEDIUM,2026-09-04 00:00,2026-09-14,2026-09-19,FALSE,DRAFT
155,Campus Placement Aptitude Training Series,"Official Notification from Greenfield Institute of Technology.

This notice serves to inform all eligible students from EEE (ALL) regarding 'Campus Placement Aptitude Training Series'. All concerned individuals must review the guidelines carefully. Failure to adhere to the given instructions by 2026-10-02 may result in administrative restrictions or forfeiture of opportunity.

Key Requirements:
1. Complete the mandatory registration form prior to the deadline.
2. Maintain an updated academic profile with the department coordinator.
3. Submit all required documentation directly to the department office.

For further inquiries, contact your respective department head or faculty coordinator.",Exam,EEE ALL,EEE,ALL,MEDIUM,2026-09-20 00:00,2026-10-02,2026-10-07,TRUE,DRAFT
156,Tuition Fee Payment Deadline Notice,"Official Notification from Greenfield Institute of Technology.

This notice serves to inform all eligible students from CSE (ALL) regarding 'Tuition Fee Payment Deadline Notice'. All concerned individuals must review the guidelines carefully. Failure to adhere to the given instructions by 2026-09-15 may result in administrative restrictions or forfeiture of opportunity.

Key Requirements:
1. Complete the mandatory registration form prior to the deadline.
2. Maintain an updated academic profile with the department coordinator.
3. Submit all required documentation directly to the department office.

For further inquiries, contact your respective department head or faculty coordinator.",Sports,CSE ALL,CSE,ALL,HIGH,2026-09-09 00:00,2026-09-15,2026-09-20,TRUE,PUBLISHED
157,Laboratory Exam Schedule for IT FIRST YEAR,"Official Notification from Greenfield Institute of Technology.

This notice serves to inform all eligible students from IT (FIRST YEAR) regarding 'Laboratory Exam Schedule for IT FIRST YEAR'. All concerned individuals must review the guidelines carefully. Failure to adhere to the given instructions by the stipulated deadline may result in administrative restrictions or forfeiture of opportunity.

Key Requirements:
1. Complete the mandatory registration form prior to the deadline.
2. Maintain an updated academic profile with the department coordinator.
3. Submit all required documentation directly to the department office.

For further inquiries, contact your respective department head or faculty coordinator.",Event,IT FIRST YEAR,IT,FIRST YEAR,MEDIUM,2026-09-13 00:00,,2026-10-13,TRUE,PUBLISHED
158,Notice Regarding Attendance Shortage Rules,"Official Notification from Greenfield Institute of Technology.

This notice serves to inform all eligible students from ALL (SECOND YEAR) regarding 'Notice Regarding Attendance Shortage Rules'. All concerned individuals must review the guidelines carefully. Failure to adhere to the given instructions by the stipulated deadline may result in administrative restrictions or forfeiture of opportunity.

Key Requirements:
1. Complete the mandatory registration form prior to the deadline.
2. Maintain an updated academic profile with the department coordinator.
3. Submit all required documentation directly to the department office.

For further inquiries, contact your respective department head or faculty coordinator.",Exam,ALL SECOND YEAR,ALL,SECOND YEAR,URGENT,2026-09-11 00:00,,2026-10-11,TRUE,DRAFT
159,Submission of IT Semester Project Reports,"Official Notification from Greenfield Institute of Technology.

This notice serves to inform all eligible students from IT (ALL) regarding 'Submission of IT Semester Project Reports'. All concerned individuals must review the guidelines carefully. Failure to adhere to the given instructions by the stipulated deadline may result in administrative restrictions or forfeiture of opportunity.

Key Requirements:
1. Complete the mandatory registration form prior to the deadline.
2. Maintain an updated academic profile with the department coordinator.
3. Submit all required documentation directly to the department office.

For further inquiries, contact your respective department head or faculty coordinator.",Workshop,IT ALL,IT,ALL,CRITICAL,2026-09-05 00:00,,2026-10-05,TRUE,PUBLISHED
160,National Level Technical Symposium 'CSE TechPulse 2026',"Official Notification from Greenfield Institute of Technology.

This notice serves to inform all eligible students from CSE (FIRST YEAR) regarding 'National Level Technical Symposium 'CSE TechPulse 2026''. All concerned individuals must review the guidelines carefully. Failure to adhere to the given instructions by 2026-09-24 may result in administrative restrictions or forfeiture of opportunity.

Key Requirements:
1. Complete the mandatory registration form prior to the deadline.
2. Maintain an updated academic profile with the department coordinator.
3. Submit all required documentation directly to the department office.

For further inquiries, contact your respective department head or faculty coordinator.",Club,CSE FIRST YEAR,CSE,FIRST YEAR,HIGH,2026-09-16 00:00,2026-09-24,2026-09-29,TRUE,DRAFT
161,National Level Technical Symposium 'CIVIL TechPulse 2026',"Official Notification from Greenfield Institute of Technology.

This notice serves to inform all eligible students from CIVIL (ALL) regarding 'National Level Technical Symposium 'CIVIL TechPulse 2026''. All concerned individuals must review the guidelines carefully. Failure to adhere to the given instructions by the stipulated deadline may result in administrative restrictions or forfeiture of opportunity.

Key Requirements:
1. Complete the mandatory registration form prior to the deadline.
2. Maintain an updated academic profile with the department coordinator.
3. Submit all required documentation directly to the department office.

For further inquiries, contact your respective department head or faculty coordinator.",Workshop,CIVIL ALL,CIVIL,ALL,LOW,2026-09-04 00:00,,2026-10-04,FALSE,PUBLISHED
162,Holiday Announcement: Founder's Day Celebration,"Official Notification from Greenfield Institute of Technology.

This notice serves to inform all eligible students from EEE (FIRST YEAR) regarding 'Holiday Announcement: Founder's Day Celebration'. All concerned individuals must review the guidelines carefully. Failure to adhere to the given instructions by the stipulated deadline may result in administrative restrictions or forfeiture of opportunity.

Key Requirements:
1. Complete the mandatory registration form prior to the deadline.
2. Maintain an updated academic profile with the department coordinator.
3. Submit all required documentation directly to the department office.

For further inquiries, contact your respective department head or faculty coordinator.",Sports,EEE FIRST YEAR,EEE,FIRST YEAR,MEDIUM,2026-09-02 00:00,,2026-10-02,FALSE,DRAFT
163,Mid-Term Examination Schedule Released for MECH,"Official Notification from Greenfield Institute of Technology.

This notice serves to inform all eligible students from MECH (THIRD YEAR) regarding 'Mid-Term Examination Schedule Released for MECH'. All concerned individuals must review the guidelines carefully. Failure to adhere to the given instructions by 2026-09-09 may result in administrative restrictions or forfeiture of opportunity.

Key Requirements:
1. Complete the mandatory registration form prior to the deadline.
2. Maintain an updated academic profile with the department coordinator.
3. Submit all required documentation directly to the department office.

For further inquiries, contact your respective department head or faculty coordinator.",Internship,MECH THIRD YEAR,MECH,THIRD YEAR,HIGH,2026-09-01 00:00,2026-09-09,2026-09-14,TRUE,PUBLISHED
164,Code of Conduct and Anti-Ragging Mandatory Briefing,"Official Notification from Greenfield Institute of Technology.

This notice serves to inform all eligible students from MECH (FINAL YEAR) regarding 'Code of Conduct and Anti-Ragging Mandatory Briefing'. All concerned individuals must review the guidelines carefully. Failure to adhere to the given instructions by 2026-10-02 may result in administrative restrictions or forfeiture of opportunity.

Key Requirements:
1. Complete the mandatory registration form prior to the deadline.
2. Maintain an updated academic profile with the department coordinator.
3. Submit all required documentation directly to the department office.

For further inquiries, contact your respective department head or faculty coordinator.",Placement,MECH FINAL YEAR,MECH,FINAL YEAR,CRITICAL,2026-09-18 00:00,2026-10-02,2026-10-07,TRUE,PUBLISHED
165,Final Year ECE Placement Drive with TechCorp,"Official Notification from Greenfield Institute of Technology.

This notice serves to inform all eligible students from ECE (FINAL YEAR) regarding 'Final Year ECE Placement Drive with TechCorp'. All concerned individuals must review the guidelines carefully. Failure to adhere to the given instructions by 2026-09-22 may result in administrative restrictions or forfeiture of opportunity.

Key Requirements:
1. Complete the mandatory registration form prior to the deadline.
2. Maintain an updated academic profile with the department coordinator.
3. Submit all required documentation directly to the department office.

For further inquiries, contact your respective department head or faculty coordinator.",Event,ECE FINAL YEAR,ECE,FINAL YEAR,LOW,2026-09-15 00:00,2026-09-22,2026-09-27,FALSE,DRAFT
166,Hostel Mess Committee Meeting Notice,"Official Notification from Greenfield Institute of Technology.

This notice serves to inform all eligible students from AI (FINAL YEAR) regarding 'Hostel Mess Committee Meeting Notice'. All concerned individuals must review the guidelines carefully. Failure to adhere to the given instructions by 2026-09-05 may result in administrative restrictions or forfeiture of opportunity.

Key Requirements:
1. Complete the mandatory registration form prior to the deadline.
2. Maintain an updated academic profile with the department coordinator.
3. Submit all required documentation directly to the department office.

For further inquiries, contact your respective department head or faculty coordinator.",Club,AI FINAL YEAR,AI,FINAL YEAR,HIGH,2026-09-01 00:00,2026-09-05,2026-09-10,TRUE,PUBLISHED
167,National Level Technical Symposium 'DS TechPulse 2026',"Official Notification from Greenfield Institute of Technology.

This notice serves to inform all eligible students from DS (THIRD YEAR) regarding 'National Level Technical Symposium 'DS TechPulse 2026''. All concerned individuals must review the guidelines carefully. Failure to adhere to the given instructions by the stipulated deadline may result in administrative restrictions or forfeiture of opportunity.

Key Requirements:
1. Complete the mandatory registration form prior to the deadline.
2. Maintain an updated academic profile with the department coordinator.
3. Submit all required documentation directly to the department office.

For further inquiries, contact your respective department head or faculty coordinator.",Emergency,DS THIRD YEAR,DS,THIRD YEAR,CRITICAL,2026-09-04 00:00,,2026-10-04,TRUE,PUBLISHED
168,Campus Hackathon 2026 Registration Details,"Official Notification from Greenfield Institute of Technology.

This notice serves to inform all eligible students from AI (ALL) regarding 'Campus Hackathon 2026 Registration Details'. All concerned individuals must review the guidelines carefully. Failure to adhere to the given instructions by the stipulated deadline may result in administrative restrictions or forfeiture of opportunity.

Key Requirements:
1. Complete the mandatory registration form prior to the deadline.
2. Maintain an updated academic profile with the department coordinator.
3. Submit all required documentation directly to the department office.

For further inquiries, contact your respective department head or faculty coordinator.",Club,AI ALL,AI,ALL,LOW,2026-09-11 00:00,,2026-10-11,TRUE,DRAFT
169,Annual Inter-Departmental Sports Meet Registration,"Official Notification from Greenfield Institute of Technology.

This notice serves to inform all eligible students from ALL (FIRST YEAR) regarding 'Annual Inter-Departmental Sports Meet Registration'. All concerned individuals must review the guidelines carefully. Failure to adhere to the given instructions by 2026-09-24 may result in administrative restrictions or forfeiture of opportunity.

Key Requirements:
1. Complete the mandatory registration form prior to the deadline.
2. Maintain an updated academic profile with the department coordinator.
3. Submit all required documentation directly to the department office.

For further inquiries, contact your respective department head or faculty coordinator.",Exam,ALL FIRST YEAR,ALL,FIRST YEAR,CRITICAL,2026-09-12 00:00,2026-09-24,2026-09-29,TRUE,ARCHIVED
170,Guest Lecture on Quantum Computing by Dr. Aris Thorne,"Official Notification from Greenfield Institute of Technology.

This notice serves to inform all eligible students from MECH (SECOND YEAR) regarding 'Guest Lecture on Quantum Computing by Dr. Aris Thorne'. All concerned individuals must review the guidelines carefully. Failure to adhere to the given instructions by the stipulated deadline may result in administrative restrictions or forfeiture of opportunity.

Key Requirements:
1. Complete the mandatory registration form prior to the deadline.
2. Maintain an updated academic profile with the department coordinator.
3. Submit all required documentation directly to the department office.

For further inquiries, contact your respective department head or faculty coordinator.",General,MECH SECOND YEAR,MECH,SECOND YEAR,LOW,2026-09-07 00:00,,2026-10-07,TRUE,PUBLISHED
171,Notice Regarding Attendance Shortage Rules,"Official Notification from Greenfield Institute of Technology.

This notice serves to inform all eligible students from ECE (SECOND YEAR) regarding 'Notice Regarding Attendance Shortage Rules'. All concerned individuals must review the guidelines carefully. Failure to adhere to the given instructions by 2026-09-28 may result in administrative restrictions or forfeiture of opportunity.

Key Requirements:
1. Complete the mandatory registration form prior to the deadline.
2. Maintain an updated academic profile with the department coordinator.
3. Submit all required documentation directly to the department office.

For further inquiries, contact your respective department head or faculty coordinator.",Emergency,ECE SECOND YEAR,ECE,SECOND YEAR,CRITICAL,2026-09-19 00:00,2026-09-28,2026-10-03,TRUE,DRAFT
172,Mandatory Workshop on Artificial Intelligence for THIRD YEAR Students,"Official Notification from Greenfield Institute of Technology.

This notice serves to inform all eligible students from IT (THIRD YEAR) regarding 'Mandatory Workshop on Artificial Intelligence for THIRD YEAR Students'. All concerned individuals must review the guidelines carefully. Failure to adhere to the given instructions by 2026-09-22 may result in administrative restrictions or forfeiture of opportunity.

Key Requirements:
1. Complete the mandatory registration form prior to the deadline.
2. Maintain an updated academic profile with the department coordinator.
3. Submit all required documentation directly to the department office.

For further inquiries, contact your respective department head or faculty coordinator.",Holiday,IT THIRD YEAR,IT,THIRD YEAR,MEDIUM,2026-09-16 00:00,2026-09-22,2026-09-27,FALSE,DRAFT
173,Campus Hackathon 2026 Registration Details,"Official Notification from Greenfield Institute of Technology.

This notice serves to inform all eligible students from CSE (THIRD YEAR) regarding 'Campus Hackathon 2026 Registration Details'. All concerned individuals must review the guidelines carefully. Failure to adhere to the given instructions by 2026-09-17 may result in administrative restrictions or forfeiture of opportunity.

Key Requirements:
1. Complete the mandatory registration form prior to the deadline.
2. Maintain an updated academic profile with the department coordinator.
3. Submit all required documentation directly to the department office.

For further inquiries, contact your respective department head or faculty coordinator.",Club,CSE THIRD YEAR,CSE,THIRD YEAR,CRITICAL,2026-09-15 00:00,2026-09-17,2026-09-22,TRUE,PUBLISHED
174,Holiday Announcement: Founder's Day Celebration,"Official Notification from Greenfield Institute of Technology.

This notice serves to inform all eligible students from EEE (FIRST YEAR) regarding 'Holiday Announcement: Founder's Day Celebration'. All concerned individuals must review the guidelines carefully. Failure to adhere to the given instructions by 2026-09-28 may result in administrative restrictions or forfeiture of opportunity.

Key Requirements:
1. Complete the mandatory registration form prior to the deadline.
2. Maintain an updated academic profile with the department coordinator.
3. Submit all required documentation directly to the department office.

For further inquiries, contact your respective department head or faculty coordinator.",Event,EEE FIRST YEAR,EEE,FIRST YEAR,LOW,2026-09-17 00:00,2026-09-28,2026-10-03,TRUE,ARCHIVED
175,Code of Conduct and Anti-Ragging Mandatory Briefing,"Official Notification from Greenfield Institute of Technology.

This notice serves to inform all eligible students from CIVIL (THIRD YEAR) regarding 'Code of Conduct and Anti-Ragging Mandatory Briefing'. All concerned individuals must review the guidelines carefully. Failure to adhere to the given instructions by 2026-09-14 may result in administrative restrictions or forfeiture of opportunity.

Key Requirements:
1. Complete the mandatory registration form prior to the deadline.
2. Maintain an updated academic profile with the department coordinator.
3. Submit all required documentation directly to the department office.

For further inquiries, contact your respective department head or faculty coordinator.",Fees,CIVIL THIRD YEAR,CIVIL,THIRD YEAR,CRITICAL,2026-09-05 00:00,2026-09-14,2026-09-19,TRUE,DRAFT
176,Submission of IT Semester Project Reports,"Official Notification from Greenfield Institute of Technology.

This notice serves to inform all eligible students from IT (FIRST YEAR) regarding 'Submission of IT Semester Project Reports'. All concerned individuals must review the guidelines carefully. Failure to adhere to the given instructions by 2026-09-17 may result in administrative restrictions or forfeiture of opportunity.

Key Requirements:
1. Complete the mandatory registration form prior to the deadline.
2. Maintain an updated academic profile with the department coordinator.
3. Submit all required documentation directly to the department office.

For further inquiries, contact your respective department head or faculty coordinator.",Exam,IT FIRST YEAR,IT,FIRST YEAR,CRITICAL,2026-09-08 00:00,2026-09-17,2026-09-22,TRUE,PUBLISHED
177,Library Book Return & Fine Waiver Week,"Official Notification from Greenfield Institute of Technology.

This notice serves to inform all eligible students from ALL (ALL) regarding 'Library Book Return & Fine Waiver Week'. All concerned individuals must review the guidelines carefully. Failure to adhere to the given instructions by 2026-09-24 may result in administrative restrictions or forfeiture of opportunity.

Key Requirements:
1. Complete the mandatory registration form prior to the deadline.
2. Maintain an updated academic profile with the department coordinator.
3. Submit all required documentation directly to the department office.

For further inquiries, contact your respective department head or faculty coordinator.",Sports,ALL ALL,ALL,ALL,MEDIUM,2026-09-10 00:00,2026-09-24,2026-09-29,FALSE,PUBLISHED
178,Mid-Term Examination Schedule Released for CSE,"Official Notification from Greenfield Institute of Technology.

This notice serves to inform all eligible students from CSE (THIRD YEAR) regarding 'Mid-Term Examination Schedule Released for CSE'. All concerned individuals must review the guidelines carefully. Failure to adhere to the given instructions by 2026-09-24 may result in administrative restrictions or forfeiture of opportunity.

Key Requirements:
1. Complete the mandatory registration form prior to the deadline.
2. Maintain an updated academic profile with the department coordinator.
3. Submit all required documentation directly to the department office.

For further inquiries, contact your respective department head or faculty coordinator.",Holiday,CSE THIRD YEAR,CSE,THIRD YEAR,LOW,2026-09-18 00:00,2026-09-24,2026-09-29,FALSE,PUBLISHED
179,Merit Scholarship Applications Open for THIRD YEAR,"Official Notification from Greenfield Institute of Technology.

This notice serves to inform all eligible students from MECH (THIRD YEAR) regarding 'Merit Scholarship Applications Open for THIRD YEAR'. All concerned individuals must review the guidelines carefully. Failure to adhere to the given instructions by 2026-09-24 may result in administrative restrictions or forfeiture of opportunity.

Key Requirements:
1. Complete the mandatory registration form prior to the deadline.
2. Maintain an updated academic profile with the department coordinator.
3. Submit all required documentation directly to the department office.

For further inquiries, contact your respective department head or faculty coordinator.",Infrastructure,MECH THIRD YEAR,MECH,THIRD YEAR,LOW,2026-09-12 00:00,2026-09-24,2026-09-29,FALSE,ARCHIVED
180,Internship Opportunities at Global Tech Labs for ECE,"Official Notification from Greenfield Institute of Technology.

This notice serves to inform all eligible students from ECE (THIRD YEAR) regarding 'Internship Opportunities at Global Tech Labs for ECE'. All concerned individuals must review the guidelines carefully. Failure to adhere to the given instructions by 2026-09-18 may result in administrative restrictions or forfeiture of opportunity.

Key Requirements:
1. Complete the mandatory registration form prior to the deadline.
2. Maintain an updated academic profile with the department coordinator.
3. Submit all required documentation directly to the department office.

For further inquiries, contact your respective department head or faculty coordinator.",Placement,ECE THIRD YEAR,ECE,THIRD YEAR,CRITICAL,2026-09-05 00:00,2026-09-18,2026-09-23,TRUE,DRAFT
181,Library Book Return & Fine Waiver Week,"Official Notification from Greenfield Institute of Technology.

This notice serves to inform all eligible students from ALL (FIRST YEAR) regarding 'Library Book Return & Fine Waiver Week'. All concerned individuals must review the guidelines carefully. Failure to adhere to the given instructions by 2026-09-05 may result in administrative restrictions or forfeiture of opportunity.

Key Requirements:
1. Complete the mandatory registration form prior to the deadline.
2. Maintain an updated academic profile with the department coordinator.
3. Submit all required documentation directly to the department office.

For further inquiries, contact your respective department head or faculty coordinator.",Holiday,ALL FIRST YEAR,ALL,FIRST YEAR,URGENT,2026-09-01 00:00,2026-09-05,2026-09-10,TRUE,ARCHIVED
182,Merit Scholarship Applications Open for FINAL YEAR,"Official Notification from Greenfield Institute of Technology.

This notice serves to inform all eligible students from IT (FINAL YEAR) regarding 'Merit Scholarship Applications Open for FINAL YEAR'. All concerned individuals must review the guidelines carefully. Failure to adhere to the given instructions by the stipulated deadline may result in administrative restrictions or forfeiture of opportunity.

Key Requirements:
1. Complete the mandatory registration form prior to the deadline.
2. Maintain an updated academic profile with the department coordinator.
3. Submit all required documentation directly to the department office.

For further inquiries, contact your respective department head or faculty coordinator.",Internship,IT FINAL YEAR,IT,FINAL YEAR,MEDIUM,2026-09-05 00:00,,2026-10-05,TRUE,PUBLISHED
183,Holiday Announcement: Founder's Day Celebration,"Official Notification from Greenfield Institute of Technology.

This notice serves to inform all eligible students from ALL (ALL) regarding 'Holiday Announcement: Founder's Day Celebration'. All concerned individuals must review the guidelines carefully. Failure to adhere to the given instructions by 2026-09-09 may result in administrative restrictions or forfeiture of opportunity.

Key Requirements:
1. Complete the mandatory registration form prior to the deadline.
2. Maintain an updated academic profile with the department coordinator.
3. Submit all required documentation directly to the department office.

For further inquiries, contact your respective department head or faculty coordinator.",Sports,ALL ALL,ALL,ALL,LOW,2026-09-05 00:00,2026-09-09,2026-09-14,TRUE,PUBLISHED
184,Library Book Return & Fine Waiver Week,"Official Notification from Greenfield Institute of Technology.

This notice serves to inform all eligible students from MECH (FINAL YEAR) regarding 'Library Book Return & Fine Waiver Week'. All concerned individuals must review the guidelines carefully. Failure to adhere to the given instructions by 2026-09-19 may result in administrative restrictions or forfeiture of opportunity.

Key Requirements:
1. Complete the mandatory registration form prior to the deadline.
2. Maintain an updated academic profile with the department coordinator.
3. Submit all required documentation directly to the department office.

For further inquiries, contact your respective department head or faculty coordinator.",Placement,MECH FINAL YEAR,MECH,FINAL YEAR,LOW,2026-09-08 00:00,2026-09-19,2026-09-24,TRUE,DRAFT
185,Campus Hackathon 2026 Registration Details,"Official Notification from Greenfield Institute of Technology.

This notice serves to inform all eligible students from DS (SECOND YEAR) regarding 'Campus Hackathon 2026 Registration Details'. All concerned individuals must review the guidelines carefully. Failure to adhere to the given instructions by 2026-09-21 may result in administrative restrictions or forfeiture of opportunity.

Key Requirements:
1. Complete the mandatory registration form prior to the deadline.
2. Maintain an updated academic profile with the department coordinator.
3. Submit all required documentation directly to the department office.

For further inquiries, contact your respective department head or faculty coordinator.",Workshop,DS SECOND YEAR,DS,SECOND YEAR,CRITICAL,2026-09-16 00:00,2026-09-21,2026-09-26,TRUE,PUBLISHED
186,Code of Conduct and Anti-Ragging Mandatory Briefing,"Official Notification from Greenfield Institute of Technology.

This notice serves to inform all eligible students from DS (FINAL YEAR) regarding 'Code of Conduct and Anti-Ragging Mandatory Briefing'. All concerned individuals must review the guidelines carefully. Failure to adhere to the given instructions by 2026-09-21 may result in administrative restrictions or forfeiture of opportunity.

Key Requirements:
1. Complete the mandatory registration form prior to the deadline.
2. Maintain an updated academic profile with the department coordinator.
3. Submit all required documentation directly to the department office.

For further inquiries, contact your respective department head or faculty coordinator.",Event,DS FINAL YEAR,DS,FINAL YEAR,HIGH,2026-09-17 00:00,2026-09-21,2026-09-26,TRUE,DRAFT
187,Submission of CIVIL Semester Project Reports,"Official Notification from Greenfield Institute of Technology.

This notice serves to inform all eligible students from CIVIL (ALL) regarding 'Submission of CIVIL Semester Project Reports'. All concerned individuals must review the guidelines carefully. Failure to adhere to the given instructions by 2026-09-28 may result in administrative restrictions or forfeiture of opportunity.

Key Requirements:
1. Complete the mandatory registration form prior to the deadline.
2. Maintain an updated academic profile with the department coordinator.
3. Submit all required documentation directly to the department office.

For further inquiries, contact your respective department head or faculty coordinator.",General,CIVIL ALL,CIVIL,ALL,MEDIUM,2026-09-21 00:00,2026-09-28,2026-10-03,TRUE,PUBLISHED
188,Tuition Fee Payment Deadline Notice,"Official Notification from Greenfield Institute of Technology.

This notice serves to inform all eligible students from ALL (FIRST YEAR) regarding 'Tuition Fee Payment Deadline Notice'. All concerned individuals must review the guidelines carefully. Failure to adhere to the given instructions by 2026-09-19 may result in administrative restrictions or forfeiture of opportunity.

Key Requirements:
1. Complete the mandatory registration form prior to the deadline.
2. Maintain an updated academic profile with the department coordinator.
3. Submit all required documentation directly to the department office.

For further inquiries, contact your respective department head or faculty coordinator.",Infrastructure,ALL FIRST YEAR,ALL,FIRST YEAR,HIGH,2026-09-09 00:00,2026-09-19,2026-09-24,TRUE,PUBLISHED
189,Library Book Return & Fine Waiver Week,"Official Notification from Greenfield Institute of Technology.

This notice serves to inform all eligible students from AI (FIRST YEAR) regarding 'Library Book Return & Fine Waiver Week'. All concerned individuals must review the guidelines carefully. Failure to adhere to the given instructions by 2026-09-09 may result in administrative restrictions or forfeiture of opportunity.

Key Requirements:
1. Complete the mandatory registration form prior to the deadline.
2. Maintain an updated academic profile with the department coordinator.
3. Submit all required documentation directly to the department office.

For further inquiries, contact your respective department head or faculty coordinator.",Placement,AI FIRST YEAR,AI,FIRST YEAR,MEDIUM,2026-09-01 00:00,2026-09-09,2026-09-14,TRUE,DRAFT
190,Library Book Return & Fine Waiver Week,"Official Notification from Greenfield Institute of Technology.

This notice serves to inform all eligible students from IT (SECOND YEAR) regarding 'Library Book Return & Fine Waiver Week'. All concerned individuals must review the guidelines carefully. Failure to adhere to the given instructions by the stipulated deadline may result in administrative restrictions or forfeiture of opportunity.

Key Requirements:
1. Complete the mandatory registration form prior to the deadline.
2. Maintain an updated academic profile with the department coordinator.
3. Submit all required documentation directly to the department office.

For further inquiries, contact your respective department head or faculty coordinator.",Sports,IT SECOND YEAR,IT,SECOND YEAR,URGENT,2026-09-08 00:00,,2026-10-08,TRUE,PUBLISHED
191,Campus Hackathon 2026 Registration Details,"Official Notification from Greenfield Institute of Technology.

This notice serves to inform all eligible students from IT (SECOND YEAR) regarding 'Campus Hackathon 2026 Registration Details'. All concerned individuals must review the guidelines carefully. Failure to adhere to the given instructions by 2026-09-20 may result in administrative restrictions or forfeiture of opportunity.

Key Requirements:
1. Complete the mandatory registration form prior to the deadline.
2. Maintain an updated academic profile with the department coordinator.
3. Submit all required documentation directly to the department office.

For further inquiries, contact your respective department head or faculty coordinator.",Exam,IT SECOND YEAR,IT,SECOND YEAR,MEDIUM,2026-09-16 00:00,2026-09-20,2026-09-25,TRUE,PUBLISHED
192,Final Year DS Placement Drive with TechCorp,"Official Notification from Greenfield Institute of Technology.

This notice serves to inform all eligible students from DS (FINAL YEAR) regarding 'Final Year DS Placement Drive with TechCorp'. All concerned individuals must review the guidelines carefully. Failure to adhere to the given instructions by the stipulated deadline may result in administrative restrictions or forfeiture of opportunity.

Key Requirements:
1. Complete the mandatory registration form prior to the deadline.
2. Maintain an updated academic profile with the department coordinator.
3. Submit all required documentation directly to the department office.

For further inquiries, contact your respective department head or faculty coordinator.",Emergency,DS FINAL YEAR,DS,FINAL YEAR,CRITICAL,2026-09-03 00:00,,2026-10-03,TRUE,ARCHIVED
193,National Level Technical Symposium 'MECH TechPulse 2026',"Official Notification from Greenfield Institute of Technology.

This notice serves to inform all eligible students from MECH (ALL) regarding 'National Level Technical Symposium 'MECH TechPulse 2026''. All concerned individuals must review the guidelines carefully. Failure to adhere to the given instructions by 2026-09-09 may result in administrative restrictions or forfeiture of opportunity.

Key Requirements:
1. Complete the mandatory registration form prior to the deadline.
2. Maintain an updated academic profile with the department coordinator.
3. Submit all required documentation directly to the department office.

For further inquiries, contact your respective department head or faculty coordinator.",Internship,MECH ALL,MECH,ALL,CRITICAL,2026-09-04 00:00,2026-09-09,2026-09-14,TRUE,ARCHIVED
194,Holiday Announcement: Founder's Day Celebration,"Official Notification from Greenfield Institute of Technology.

This notice serves to inform all eligible students from ECE (FIRST YEAR) regarding 'Holiday Announcement: Founder's Day Celebration'. All concerned individuals must review the guidelines carefully. Failure to adhere to the given instructions by the stipulated deadline may result in administrative restrictions or forfeiture of opportunity.

Key Requirements:
1. Complete the mandatory registration form prior to the deadline.
2. Maintain an updated academic profile with the department coordinator.
3. Submit all required documentation directly to the department office.

For further inquiries, contact your respective department head or faculty coordinator.",Workshop,ECE FIRST YEAR,ECE,FIRST YEAR,MEDIUM,2026-09-15 00:00,,2026-10-15,FALSE,DRAFT
195,Emergency Maintenance: Power Shutdown in Academic Block B,"Official Notification from Greenfield Institute of Technology.

This notice serves to inform all eligible students from ALL (FIRST YEAR) regarding 'Emergency Maintenance: Power Shutdown in Academic Block B'. All concerned individuals must review the guidelines carefully. Failure to adhere to the given instructions by the stipulated deadline may result in administrative restrictions or forfeiture of opportunity.

Key Requirements:
1. Complete the mandatory registration form prior to the deadline.
2. Maintain an updated academic profile with the department coordinator.
3. Submit all required documentation directly to the department office.

For further inquiries, contact your respective department head or faculty coordinator.",Club,ALL FIRST YEAR,ALL,FIRST YEAR,CRITICAL,2026-09-05 00:00,,2026-10-05,TRUE,ARCHIVED
196,Tuition Fee Payment Deadline Notice,"Official Notification from Greenfield Institute of Technology.

This notice serves to inform all eligible students from IT (SECOND YEAR) regarding 'Tuition Fee Payment Deadline Notice'. All concerned individuals must review the guidelines carefully. Failure to adhere to the given instructions by 2026-09-10 may result in administrative restrictions or forfeiture of opportunity.

Key Requirements:
1. Complete the mandatory registration form prior to the deadline.
2. Maintain an updated academic profile with the department coordinator.
3. Submit all required documentation directly to the department office.

For further inquiries, contact your respective department head or faculty coordinator.",Academic,IT SECOND YEAR,IT,SECOND YEAR,CRITICAL,2026-09-03 00:00,2026-09-10,2026-09-15,TRUE,DRAFT
197,Campus Placement Aptitude Training Series,"Official Notification from Greenfield Institute of Technology.

This notice serves to inform all eligible students from ALL (ALL) regarding 'Campus Placement Aptitude Training Series'. All concerned individuals must review the guidelines carefully. Failure to adhere to the given instructions by 2026-09-10 may result in administrative restrictions or forfeiture of opportunity.

Key Requirements:
1. Complete the mandatory registration form prior to the deadline.
2. Maintain an updated academic profile with the department coordinator.
3. Submit all required documentation directly to the department office.

For further inquiries, contact your respective department head or faculty coordinator.",Exam,ALL ALL,ALL,ALL,CRITICAL,2026-09-01 00:00,2026-09-10,2026-09-15,TRUE,ARCHIVED
198,Library Book Return & Fine Waiver Week,"Official Notification from Greenfield Institute of Technology.

This notice serves to inform all eligible students from AI (THIRD YEAR) regarding 'Library Book Return & Fine Waiver Week'. All concerned individuals must review the guidelines carefully. Failure to adhere to the given instructions by 2026-09-16 may result in administrative restrictions or forfeiture of opportunity.

Key Requirements:
1. Complete the mandatory registration form prior to the deadline.
2. Maintain an updated academic profile with the department coordinator.
3. Submit all required documentation directly to the department office.

For further inquiries, contact your respective department head or faculty coordinator.",Academic,AI THIRD YEAR,AI,THIRD YEAR,HIGH,2026-09-03 00:00,2026-09-16,2026-09-21,TRUE,PUBLISHED
199,Submission of ECE Semester Project Reports,"Official Notification from Greenfield Institute of Technology.

This notice serves to inform all eligible students from ECE (ALL) regarding 'Submission of ECE Semester Project Reports'. All concerned individuals must review the guidelines carefully. Failure to adhere to the given instructions by 2026-09-24 may result in administrative restrictions or forfeiture of opportunity.

Key Requirements:
1. Complete the mandatory registration form prior to the deadline.
2. Maintain an updated academic profile with the department coordinator.
3. Submit all required documentation directly to the department office.

For further inquiries, contact your respective department head or faculty coordinator.",Holiday,ECE ALL,ECE,ALL,HIGH,2026-09-12 00:00,2026-09-24,2026-09-29,TRUE,PUBLISHED
200,Mandatory Workshop on Artificial Intelligence for FINAL YEAR Students,"Official Notification from Greenfield Institute of Technology.

This notice serves to inform all eligible students from DS (FINAL YEAR) regarding 'Mandatory Workshop on Artificial Intelligence for FINAL YEAR Students'. All concerned individuals must review the guidelines carefully. Failure to adhere to the given instructions by the stipulated deadline may result in administrative restrictions or forfeiture of opportunity.

Key Requirements:
1. Complete the mandatory registration form prior to the deadline.
2. Maintain an updated academic profile with the department coordinator.
3. Submit all required documentation directly to the department office.

For further inquiries, contact your respective department head or faculty coordinator.",Placement,DS FINAL YEAR,DS,FINAL YEAR,MEDIUM,2026-09-15 00:00,,2026-10-15,TRUE,PUBLISHED
201,Campus Hackathon 2026 Registration Details,"Official Notification from Greenfield Institute of Technology.

This notice serves to inform all eligible students from CSE (SECOND YEAR) regarding 'Campus Hackathon 2026 Registration Details'. All concerned individuals must review the guidelines carefully. Failure to adhere to the given instructions by 2026-09-27 may result in administrative restrictions or forfeiture of opportunity.

Key Requirements:
1. Complete the mandatory registration form prior to the deadline.
2. Maintain an updated academic profile with the department coordinator.
3. Submit all required documentation directly to the department office.

For further inquiries, contact your respective department head or faculty coordinator.",Internship,CSE SECOND YEAR,CSE,SECOND YEAR,LOW,2026-09-17 00:00,2026-09-27,2026-10-02,FALSE,PUBLISHED
202,Submission of CSE Semester Project Reports,"Official Notification from Greenfield Institute of Technology.

This notice serves to inform all eligible students from CSE (SECOND YEAR) regarding 'Submission of CSE Semester Project Reports'. All concerned individuals must review the guidelines carefully. Failure to adhere to the given instructions by 2026-09-24 may result in administrative restrictions or forfeiture of opportunity.

Key Requirements:
1. Complete the mandatory registration form prior to the deadline.
2. Maintain an updated academic profile with the department coordinator.
3. Submit all required documentation directly to the department office.

For further inquiries, contact your respective department head or faculty coordinator.",Workshop,CSE SECOND YEAR,CSE,SECOND YEAR,HIGH,2026-09-21 00:00,2026-09-24,2026-09-29,TRUE,PUBLISHED
203,Notice Regarding Attendance Shortage Rules,"Official Notification from Greenfield Institute of Technology.

This notice serves to inform all eligible students from IT (FINAL YEAR) regarding 'Notice Regarding Attendance Shortage Rules'. All concerned individuals must review the guidelines carefully. Failure to adhere to the given instructions by 2026-09-17 may result in administrative restrictions or forfeiture of opportunity.

Key Requirements:
1. Complete the mandatory registration form prior to the deadline.
2. Maintain an updated academic profile with the department coordinator.
3. Submit all required documentation directly to the department office.

For further inquiries, contact your respective department head or faculty coordinator.",Emergency,IT FINAL YEAR,IT,FINAL YEAR,CRITICAL,2026-09-13 00:00,2026-09-17,2026-09-22,TRUE,DRAFT
204,Mandatory Workshop on Artificial Intelligence for THIRD YEAR Students,"Official Notification from Greenfield Institute of Technology.

This notice serves to inform all eligible students from DS (THIRD YEAR) regarding 'Mandatory Workshop on Artificial Intelligence for THIRD YEAR Students'. All concerned individuals must review the guidelines carefully. Failure to adhere to the given instructions by the stipulated deadline may result in administrative restrictions or forfeiture of opportunity.

Key Requirements:
1. Complete the mandatory registration form prior to the deadline.
2. Maintain an updated academic profile with the department coordinator.
3. Submit all required documentation directly to the department office.

For further inquiries, contact your respective department head or faculty coordinator.",Fees,DS THIRD YEAR,DS,THIRD YEAR,CRITICAL,2026-09-14 00:00,,2026-10-14,TRUE,PUBLISHED
